{"PROGRAM_BASIC" : {
  "tooType" : "None",
  "isThesis" : true,
  "piEmail" : "fedecampu@gmail.com",
  "INFO_NOTE-2" : {
    "title" : "PhaseII FIlling",
    "text" : "Underfilled by 7min, please execute all science observations. -KC",
    "key" : "cddba952-b1d1-435e-9997-164db1b82c94"
  },
  "INFO_NOTE-3" : {
    "title" : "ATOM",
    "text" : "1 sci  (+ 60s exp)",
    "key" : "8490a409-4a50-4ffe-9f98-3e1c6199b776"
  },
  "key" : "6f7163e5-9b48-49ed-b798-12545a14d812",
  "programMode" : "Queue",
  "INFO_PROGRAMNOTE-1" : {
    "title" : "AR - prioritise; GRACES two fiber",
    "text" : "",
    "key" : "197cd5fa-d8c6-49f7-9ab0-0c03a447ebd9"
  },
  "piLastName" : "Campuzano Castro",
  "timeAccountAllocationCategories" : [
    {
      "awardedProgramTime" : 11592000,
      "usedProgramTime" : 0,
      "usedPartnerTime" : 0,
      "awardedPartnerTime" : 0,
      "category" : "Argentina"
    }
  ],
  "programId" : "GN-2018A-Q-127",
  "queueBand" : "1",
  "rolloverFlag" : false,
  "awardedTime" : 11592000,
  "INFO_NOTE-0" : {
    "title" : "COMPLETING PHASE II",
    "text" : "\nThis initial Phase II program contains information including PI and support information, target lists, conditions constraints, and template observations based on the Phase I observing modes and resources. Following the technical assessment and ITAC queue-merging processes, some of your Phase I targets may have been deactivated, the total time adjusted, and/or observing condition constraints relaxed in order for your program to be scheduled in the queue band consistent with your ranking. The configuration information from the proposal has been added to template observations. Templates groups for science observations are found in the new Templates folder.  There is one template group for each requested configuration. Phase I targets with their associated conditions and total times are viewed by clicking on the template group node. Baseline calibration observations may be included in a separate \"Baseline\" folder.\n\nThe Phase I proposal itself is no longer incorporated into the Phase II program, but the proposal document, PDF attachment, and PDF summary can be downloaded from the File Attachment tab on the top level program overview.\n\nPIs of Target of Opportunity (ToO) programs should consult with their NGO and Gemini contact scientists.\n\nThe recommended process for non-ToO programs is as follows:\n\n1. FETCH THE EXAMPLE OT LIBRARIES since they contain additional examples and useful information such as lists of standard stars. Libraries should first be updated by selecting \"Fetch Libraries\" from the File menu. Thereafter they can be viewed by clicking on the Libraries button in the toolbar.\n\n2. UPDATE THE TEMPLATE OBSERVATIONS with the settings and sequence that will be applied to all targets in the group.  This can include setting central wavelengths and individual exposure times and changing the acquisition strategy. If different configurations are needed for different groups of targets, a template group can be split and a subset of the targets can be assigned to each group.\n\n3. APPLY THE TEMPLATES TO TARGETS AND CONDITIONS. It is possible to apply the templates to a subset of targets. New draft observations will be generated with target and conditions components added.\n\n4. MAKE TARGET-SPECIFIC CHANGES to the new draft observations. These changes may include setting the position angle, selecting guide stars, selecting telluric standards, etc. Don't forget to check that your guide stars are of sufficient brightness and are accessible at your specified orientations. Guide stars can be selected automatically using the \"Auto GS\" buttons.\n\n5. SET THE OBSERVATION STATUS TO \"For Review\" AND SYNC your observations by clicking the Sync button in the toolbar or by selecting \"Sync changes...\" from the File menu. Your NGO contact will check the observations and make any recommendations.\n\nWe recommend that you complete all the observations for a single target and have them checked by your NGO contact before working on the remaining targets. We also recommend that where possible you make changes by updating the templates and then reapplying them to the targets. This will reduce the burden of making the same change to multiple observations.\n\nPIs who intend to copy observations from programs in previous semesters should also consult the current OT libraries to ensure that the configurations are up to date. You update the libraries by selecting \"Fetch Libraries...\" from the OT File menu. We also recommend that you replace any \"Manual Arc\" and \"Manual Flat\" nodes with the automatic Flat and Arc observation nodes to ensure that the observations will use the correct settings.\n\nDetailed information about the OT, instruments, the Phase II process, specific dates and instructions for the current and upcoming semesters, and tutorials can be found on the Gemini web site (goto www.gemini.edu/sciops). When online you can access the OT help page by selecting \"OT Help\" from the Help menu above. Review the Phase II keeping in mind any special instructions on the web pages.\n\nIf you have any additional questions please submit a HelpDesk query at\n\n  http://www.gemini.edu/sciops/helpdesk/\n    ",
    "key" : "754dea52-3ccf-4a11-8b9d-934d8d0cb75c"
  },
  "GROUP_GROUP_SCHEDULING-5" : {
    "name" : "izw18 - [1] GRACES(SLOW, TWO_FIBER)",
    "key" : "9bf83814-d781-48c0-bc31-3d07f3c85f34",
    "INFO_NOTE-1" : {
      "title" : "GRACES set-up",
      "text" : "Spectral mode : 2 fiber mode.\nreadout mode: Slow\nCentral wavelength: 7000A",
      "key" : "5a4dd902-9879-4b4a-be63-8ee9f15019fb"
    },
    "INFO_NOTE-0" : {
      "title" : "How to prepare your program",
      "text" : "DO NOT EDIT ANYTHING OTHER THAN LISTED BELOW\n\nAcquisition:\n 1. In the \"GMOS-N\" component, write the exposure time for your science and set the Position Angle (PA).\n 2. Go to \"GMOS-N: Set Exp. Time, Filter and Ctrl Wvl\". It is under \"Sequence\" -> \"GMOS-N: GRACES Acquisition\" -> \"Offset\".\n 3. In the field \"Filter\", select the filter for the acquisition.\n 4. In the field \"Exposure time\", set the exposure time for the acquisition that corresponds to the magnitude of your target. \n     In case of targets brighter than 11 mag  (in V or R), the exposure time is 2s. In case of fainter targets, read the nore \"Acquisition exposure times\".\n 5. In the field \"Ctrl Wvl\", set the central wavelength for your science.\n\nScience:\n 6. Now, go under \"GMOS-N: GRACES Science\" -> \"Offset\" (itself under \"Sequence\").\n 7. In the component \"Observe\", set the number of frames you want to observe.\n\nOther:\n 8. If you want a ThAr spectrum to be observed during the night together with your science spectrum, please add a \"GMOS-N: ThAr\" component. See also the EXAMPLESin the GRACES Library:  Go to OT File-> Open -> Select the check box 'Libs' -> Select and open the program \"GN-GRACES-library\"). \n Make sure to use the ThAr component that corresponds to your choice of spectral mode.\n\n 9. Please fill out the GRACES set-up note.\n\nDO NOT EDIT ANYTHING ELSE\n\nMore information can be found at \nhttp://www.gemini.edu/sciops/instruments/graces/observation-preparation/graces-ot-details-0\n\nKC - 16 Oct 2017.",
      "key" : "f11e889e-d1d6-430b-b52d-e55817db90df"
    },
    "OBSERVATION_BASIC-3" : {
      "priority" : "Low",
      "setupTime" : 360000,
      "obsLog" : [
        {
          "qaState" : "Pass",
          "filename" : "N20180425S0030",
          "label" : "GN-2018A-Q-127-4-001"
        },
        {
          "qaState" : "Pass",
          "filename" : "N20180425S0031",
          "label" : "GN-2018A-Q-127-4-002"
        },
        {
          "qaState" : "Pass",
          "filename" : "N20180425S0032",
          "label" : "GN-2018A-Q-127-4-003"
        },
        {
          "qaState" : "Pass",
          "filename" : "N20180425S0033",
          "label" : "GN-2018A-Q-127-4-004"
        },
        {
          "qaState" : "Pass",
          "filename" : "N20180425G0038",
          "label" : "GN-2018A-Q-127-4-1000"
        },
        {
          "qaState" : "Pass",
          "filename" : "N20180425G0039",
          "label" : "GN-2018A-Q-127-4-1001"
        },
        {
          "qaState" : "Pass",
          "filename" : "N20180425G0040",
          "label" : "GN-2018A-Q-127-4-1002"
        },
        {
          "qaState" : "Pass",
          "filename" : "N20180425G0041",
          "label" : "GN-2018A-Q-127-4-1003"
        }
      ],
      "setupTimeType" : "FULL",
      "SCHEDULING_CONDITIONS-1" : {
        "elevationConstraintType" : "Airmass",
        "timingWindows" : [],
        "wv" : "Any",
        "key" : "9b830e60-d087-4690-b60a-39aa4aa64fcd",
        "sb" : "Any/Bright",
        "elevationConstraintMin" : 1.0,
        "elevationConstraintMax" : 1.5,
        "cc" : "50%/Clear",
        "iq" : "70%/Good"
      },
      "obsStatus" : "OBSERVED",
      "observationId" : "GN-2018A-Q-127-4",
      "INFO_NOTE-3" : {
        "title" : "BLIND OFFSET",
        "text" : "",
        "key" : "d23bee5d-9cf1-4dd9-bf47-8fd3fb85c3c5"
      },
      "key" : "6d37edc7-4f39-4085-b14b-349507501bf7",
      "sequence" : [
        {
          "ocs:obsConditions:WaterVapor" : "100",
          "instrument:customROI1Xmin" : "2172",
          "instrument:mosPreimaging" : "No",
          "instrument:version" : "2009A-1",
          "instrument:port" : "side-looking",
          "instrument:gainSetting" : "6",
          "instrument:useNS" : "false",
          "instrument:customROI1Yrange" : "1100",
          "telescope:version" : "2009B-1",
          "instrument:fpu" : "None",
          "ocs:obsConditions:ImageQuality" : "70",
          "instrument:observingWavelength" : "0.630",
          "instrument:gainChoice" : "Low",
          "observe:object" : "IZw18 - Knot 2",
          "instrument:posAngle" : "180.0",
          "instrument:exposureTime" : "5.0",
          "instrument:customROI1Xrange" : "1800",
          "telescope:Base:name" : "IZw18 - Knot 2",
          "telescope:guideWithPWFS1" : "park",
          "metadata:stepcount" : "1",
          "instrument:disperserOrder" : "1",
          "ocs:observationId" : "GN-2018A-Q-127-4",
          "instrument:ampReadMode" : "Fast",
          "instrument:stageMode" : "Follow in XY",
          "telescope:q" : "-9.5",
          "ocs:obsConditions:SkyBackground" : "100",
          "instrument:dtaXOffset" : "0",
          "instrument:fpuMode" : "Builtin",
          "instrument:ampCount" : "Twelve",
          "observe:observeType" : "OBJECT",
          "metadata:spnodekey" : "d5d9129f-0230-49da-84bd-933ccc9ca51e,1975a9e7-6959-49b8-9d6d-0f3fac5ea201,7d96db8b-30f6-4e79-a7f1-edbe09bfcb87,1235e768-6e2c-428e-8a9d-f8789f4ddf35",
          "instrument:disperserLambda" : "700.0",
          "observe:dataLabel" : "GN-2018A-Q-127-4-001",
          "ocs:obsConditions:MinAirmass" : "1.0",
          "ocs:obsConditions:MaxAirmass" : "1.5",
          "instrument:ccdYBinning" : "1",
          "observe:headerVisibility" : "PUBLIC",
          "telescope:guideWithPWFS2" : "park",
          "instrument:adc" : "No Correction",
          "smartgcal:maperror" : "false",
          "observe:proprietaryMonths" : "12",
          "instrument:ccdXBinning" : "1",
          "instrument:builtinROI" : "Custom ROI",
          "instrument:filter" : "r_G0303",
          "observe:exposureTime" : "5.0",
          "observe:class" : "acq",
          "observe:status" : "complete",
          "instrument:customROI1Ymin" : "1570",
          "instrument:disperser" : "Mirror",
          "telescope:guideWithOIWFS" : "guide",
          "observe:sciBand" : "1",
          "telescope:p" : "23.6",
          "ocs:obsConditions:CloudCover" : "50",
          "totalTime" : 32378,
          "instrument:detectorManufacturer" : "HAMAMATSU",
          "metadata:complete" : "true",
          "smartgcal:keyProvider" : "edu.gemini.spModel.gemini.gmos.InstGmosNorth@32abe2f8",
          "ocs:programId" : "GN-2018A-Q-127",
          "instrument:instrument" : "GMOS-N"
        },
        {
          "ocs:obsConditions:WaterVapor" : "100",
          "instrument:customROI1Xmin" : "2172",
          "instrument:mosPreimaging" : "No",
          "instrument:version" : "2009A-1",
          "instrument:port" : "side-looking",
          "instrument:gainSetting" : "6",
          "instrument:useNS" : "false",
          "instrument:customROI1Yrange" : "1100",
          "telescope:version" : "2009B-1",
          "instrument:fpu" : "None",
          "ocs:obsConditions:ImageQuality" : "70",
          "instrument:observingWavelength" : "0.630",
          "instrument:gainChoice" : "Low",
          "observe:object" : "IZw18 - Knot 2",
          "instrument:posAngle" : "180.0",
          "instrument:exposureTime" : "5.0",
          "instrument:customROI1Xrange" : "1800",
          "telescope:Base:name" : "IZw18 - Knot 2",
          "telescope:guideWithPWFS1" : "park",
          "metadata:stepcount" : "2",
          "instrument:disperserOrder" : "1",
          "ocs:observationId" : "GN-2018A-Q-127-4",
          "instrument:ampReadMode" : "Fast",
          "instrument:stageMode" : "Follow in XY",
          "telescope:q" : "-9.5",
          "ocs:obsConditions:SkyBackground" : "100",
          "instrument:dtaXOffset" : "0",
          "instrument:fpuMode" : "Builtin",
          "instrument:ampCount" : "Twelve",
          "observe:observeType" : "OBJECT",
          "metadata:spnodekey" : "d5d9129f-0230-49da-84bd-933ccc9ca51e,1975a9e7-6959-49b8-9d6d-0f3fac5ea201,7d96db8b-30f6-4e79-a7f1-edbe09bfcb87,1235e768-6e2c-428e-8a9d-f8789f4ddf35",
          "instrument:disperserLambda" : "700.0",
          "observe:dataLabel" : "GN-2018A-Q-127-4-002",
          "ocs:obsConditions:MinAirmass" : "1.0",
          "ocs:obsConditions:MaxAirmass" : "1.5",
          "instrument:ccdYBinning" : "1",
          "observe:headerVisibility" : "PUBLIC",
          "telescope:guideWithPWFS2" : "park",
          "instrument:adc" : "No Correction",
          "smartgcal:maperror" : "false",
          "observe:proprietaryMonths" : "12",
          "instrument:ccdXBinning" : "1",
          "instrument:builtinROI" : "Custom ROI",
          "instrument:filter" : "r_G0303",
          "observe:exposureTime" : "5.0",
          "observe:class" : "acq",
          "observe:status" : "complete",
          "instrument:customROI1Ymin" : "1570",
          "instrument:disperser" : "Mirror",
          "telescope:guideWithOIWFS" : "guide",
          "observe:sciBand" : "1",
          "telescope:p" : "23.6",
          "ocs:obsConditions:CloudCover" : "50",
          "totalTime" : 25219,
          "instrument:detectorManufacturer" : "HAMAMATSU",
          "metadata:complete" : "true",
          "smartgcal:keyProvider" : "edu.gemini.spModel.gemini.gmos.InstGmosNorth@32abe2f8",
          "ocs:programId" : "GN-2018A-Q-127",
          "instrument:instrument" : "GMOS-N"
        },
        {
          "ocs:obsConditions:WaterVapor" : "100",
          "instrument:customROI1Xmin" : "2172",
          "instrument:mosPreimaging" : "No",
          "instrument:version" : "2009A-1",
          "instrument:port" : "side-looking",
          "instrument:gainSetting" : "6",
          "instrument:useNS" : "false",
          "instrument:customROI1Yrange" : "1100",
          "telescope:version" : "2009B-1",
          "instrument:fpu" : "None",
          "ocs:obsConditions:ImageQuality" : "70",
          "instrument:observingWavelength" : "0.630",
          "instrument:gainChoice" : "Low",
          "observe:object" : "IZw18 - Knot 2",
          "instrument:posAngle" : "180.0",
          "instrument:exposureTime" : "5.0",
          "instrument:customROI1Xrange" : "1800",
          "telescope:Base:name" : "IZw18 - Knot 2",
          "telescope:guideWithPWFS1" : "park",
          "metadata:stepcount" : "3",
          "instrument:disperserOrder" : "1",
          "ocs:observationId" : "GN-2018A-Q-127-4",
          "instrument:ampReadMode" : "Fast",
          "instrument:stageMode" : "Follow in XY",
          "telescope:q" : "-9.5",
          "ocs:obsConditions:SkyBackground" : "100",
          "instrument:dtaXOffset" : "0",
          "instrument:fpuMode" : "Builtin",
          "instrument:ampCount" : "Twelve",
          "observe:observeType" : "OBJECT",
          "metadata:spnodekey" : "d5d9129f-0230-49da-84bd-933ccc9ca51e,1975a9e7-6959-49b8-9d6d-0f3fac5ea201,7d96db8b-30f6-4e79-a7f1-edbe09bfcb87,1235e768-6e2c-428e-8a9d-f8789f4ddf35",
          "instrument:disperserLambda" : "700.0",
          "observe:dataLabel" : "GN-2018A-Q-127-4-003",
          "ocs:obsConditions:MinAirmass" : "1.0",
          "ocs:obsConditions:MaxAirmass" : "1.5",
          "instrument:ccdYBinning" : "1",
          "observe:headerVisibility" : "PUBLIC",
          "telescope:guideWithPWFS2" : "park",
          "instrument:adc" : "No Correction",
          "smartgcal:maperror" : "false",
          "observe:proprietaryMonths" : "12",
          "instrument:ccdXBinning" : "1",
          "instrument:builtinROI" : "Custom ROI",
          "instrument:filter" : "r_G0303",
          "observe:exposureTime" : "5.0",
          "observe:class" : "acq",
          "observe:status" : "complete",
          "instrument:customROI1Ymin" : "1570",
          "instrument:disperser" : "Mirror",
          "telescope:guideWithOIWFS" : "guide",
          "observe:sciBand" : "1",
          "telescope:p" : "23.6",
          "ocs:obsConditions:CloudCover" : "50",
          "totalTime" : 25219,
          "instrument:detectorManufacturer" : "HAMAMATSU",
          "metadata:complete" : "true",
          "smartgcal:keyProvider" : "edu.gemini.spModel.gemini.gmos.InstGmosNorth@32abe2f8",
          "ocs:programId" : "GN-2018A-Q-127",
          "instrument:instrument" : "GMOS-N"
        },
        {
          "ocs:obsConditions:WaterVapor" : "100",
          "instrument:customROI1Xmin" : "2172",
          "instrument:mosPreimaging" : "No",
          "instrument:version" : "2009A-1",
          "instrument:port" : "side-looking",
          "instrument:gainSetting" : "6",
          "instrument:useNS" : "false",
          "instrument:customROI1Yrange" : "1100",
          "telescope:version" : "2009B-1",
          "instrument:fpu" : "None",
          "ocs:obsConditions:ImageQuality" : "70",
          "instrument:observingWavelength" : "0.630",
          "instrument:gainChoice" : "Low",
          "observe:object" : "IZw18 - Knot 2",
          "instrument:posAngle" : "180.0",
          "instrument:exposureTime" : "5.0",
          "instrument:customROI1Xrange" : "1800",
          "telescope:Base:name" : "IZw18 - Knot 2",
          "telescope:guideWithPWFS1" : "park",
          "metadata:stepcount" : "4",
          "instrument:disperserOrder" : "1",
          "ocs:observationId" : "GN-2018A-Q-127-4",
          "instrument:ampReadMode" : "Fast",
          "instrument:stageMode" : "Follow in XY",
          "telescope:q" : "-9.5",
          "ocs:obsConditions:SkyBackground" : "100",
          "instrument:dtaXOffset" : "0",
          "instrument:fpuMode" : "Builtin",
          "instrument:ampCount" : "Twelve",
          "observe:observeType" : "OBJECT",
          "metadata:spnodekey" : "d5d9129f-0230-49da-84bd-933ccc9ca51e,1975a9e7-6959-49b8-9d6d-0f3fac5ea201,7d96db8b-30f6-4e79-a7f1-edbe09bfcb87,1235e768-6e2c-428e-8a9d-f8789f4ddf35",
          "instrument:disperserLambda" : "700.0",
          "observe:dataLabel" : "GN-2018A-Q-127-4-004",
          "ocs:obsConditions:MinAirmass" : "1.0",
          "ocs:obsConditions:MaxAirmass" : "1.5",
          "instrument:ccdYBinning" : "1",
          "observe:headerVisibility" : "PUBLIC",
          "telescope:guideWithPWFS2" : "park",
          "instrument:adc" : "No Correction",
          "smartgcal:maperror" : "false",
          "observe:proprietaryMonths" : "12",
          "instrument:ccdXBinning" : "1",
          "instrument:builtinROI" : "Custom ROI",
          "instrument:filter" : "r_G0303",
          "observe:exposureTime" : "5.0",
          "observe:class" : "acq",
          "observe:status" : "complete",
          "instrument:customROI1Ymin" : "1570",
          "instrument:disperser" : "Mirror",
          "telescope:guideWithOIWFS" : "guide",
          "observe:sciBand" : "1",
          "telescope:p" : "23.6",
          "ocs:obsConditions:CloudCover" : "50",
          "totalTime" : 25219,
          "instrument:detectorManufacturer" : "HAMAMATSU",
          "metadata:complete" : "true",
          "smartgcal:keyProvider" : "edu.gemini.spModel.gemini.gmos.InstGmosNorth@32abe2f8",
          "ocs:programId" : "GN-2018A-Q-127",
          "instrument:instrument" : "GMOS-N"
        },
        {
          "ocs:obsConditions:WaterVapor" : "100",
          "instrument:customROI1Xmin" : "2172",
          "instrument:mosPreimaging" : "No",
          "instrument:version" : "2009A-1",
          "instrument:port" : "side-looking",
          "instrument:gainSetting" : "6",
          "instrument:useNS" : "false",
          "instrument:customROI1Yrange" : "1100",
          "telescope:version" : "2009B-1",
          "instrument:fpu" : "None",
          "ocs:obsConditions:ImageQuality" : "70",
          "instrument:observingWavelength" : "0.630",
          "instrument:gainChoice" : "Low",
          "observe:object" : "IZw18 - Knot 2",
          "instrument:posAngle" : "180.0",
          "instrument:exposureTime" : "5.0",
          "instrument:customROI1Xrange" : "1800",
          "telescope:Base:name" : "IZw18 - Knot 2",
          "telescope:guideWithPWFS1" : "park",
          "metadata:stepcount" : "5",
          "instrument:disperserOrder" : "1",
          "ocs:observationId" : "GN-2018A-Q-127-4",
          "instrument:ampReadMode" : "Fast",
          "instrument:stageMode" : "Follow in XY",
          "telescope:q" : "-9.5",
          "ocs:obsConditions:SkyBackground" : "100",
          "instrument:dtaXOffset" : "0",
          "instrument:fpuMode" : "Builtin",
          "instrument:ampCount" : "Twelve",
          "observe:observeType" : "OBJECT",
          "metadata:spnodekey" : "d5d9129f-0230-49da-84bd-933ccc9ca51e,1975a9e7-6959-49b8-9d6d-0f3fac5ea201,7d96db8b-30f6-4e79-a7f1-edbe09bfcb87,1235e768-6e2c-428e-8a9d-f8789f4ddf35",
          "instrument:disperserLambda" : "700.0",
          "observe:dataLabel" : "GN-2018A-Q-127-4-005",
          "ocs:obsConditions:MinAirmass" : "1.0",
          "ocs:obsConditions:MaxAirmass" : "1.5",
          "instrument:ccdYBinning" : "1",
          "observe:headerVisibility" : "PUBLIC",
          "telescope:guideWithPWFS2" : "park",
          "instrument:adc" : "No Correction",
          "smartgcal:maperror" : "false",
          "observe:proprietaryMonths" : "12",
          "instrument:ccdXBinning" : "1",
          "instrument:builtinROI" : "Custom ROI",
          "instrument:filter" : "r_G0303",
          "observe:exposureTime" : "5.0",
          "observe:class" : "acq",
          "observe:status" : "ready",
          "instrument:customROI1Ymin" : "1570",
          "instrument:disperser" : "Mirror",
          "telescope:guideWithOIWFS" : "guide",
          "observe:sciBand" : "1",
          "telescope:p" : "23.6",
          "ocs:obsConditions:CloudCover" : "50",
          "totalTime" : 25219,
          "instrument:detectorManufacturer" : "HAMAMATSU",
          "metadata:complete" : "false",
          "smartgcal:keyProvider" : "edu.gemini.spModel.gemini.gmos.InstGmosNorth@32abe2f8",
          "ocs:programId" : "GN-2018A-Q-127",
          "instrument:instrument" : "GMOS-N"
        },
        {
          "ocs:obsConditions:WaterVapor" : "100",
          "instrument:customROI1Xmin" : "2172",
          "instrument:mosPreimaging" : "No",
          "instrument:version" : "2009A-1",
          "instrument:port" : "side-looking",
          "instrument:gainSetting" : "6",
          "instrument:useNS" : "false",
          "instrument:customROI1Yrange" : "1100",
          "telescope:version" : "2009B-1",
          "instrument:fpu" : "IFU Left Slit (blue)",
          "ocs:obsConditions:ImageQuality" : "70",
          "instrument:observingWavelength" : "0.700",
          "instrument:gainChoice" : "Low",
          "observe:object" : "IZw18 - Knot 2",
          "instrument:posAngle" : "180.0",
          "instrument:exposureTime" : "60.0",
          "instrument:customROI1Xrange" : "1800",
          "telescope:Base:name" : "IZw18 - Knot 2",
          "telescope:guideWithPWFS1" : "park",
          "metadata:stepcount" : "6",
          "instrument:disperserOrder" : "1",
          "ocs:observationId" : "GN-2018A-Q-127-4",
          "instrument:ampReadMode" : "Fast",
          "instrument:stageMode" : "Follow in XY",
          "telescope:q" : "-9.5",
          "ocs:obsConditions:SkyBackground" : "100",
          "instrument:dtaXOffset" : "0",
          "instrument:fpuMode" : "Builtin",
          "instrument:ampCount" : "Twelve",
          "observe:observeType" : "OBJECT",
          "metadata:spnodekey" : "d5d9129f-0230-49da-84bd-933ccc9ca51e,1975a9e7-6959-49b8-9d6d-0f3fac5ea201,003555f0-0ca0-4e56-896f-0f4af72acbbb,00a2a509-e575-4429-b51e-4b2463b93861",
          "instrument:disperserLambda" : "700.0",
          "observe:dataLabel" : "GN-2018A-Q-127-4-006",
          "ocs:obsConditions:MinAirmass" : "1.0",
          "ocs:obsConditions:MaxAirmass" : "1.5",
          "instrument:ccdYBinning" : "1",
          "observe:headerVisibility" : "PUBLIC",
          "telescope:guideWithPWFS2" : "park",
          "instrument:adc" : "No Correction",
          "smartgcal:maperror" : "false",
          "observe:proprietaryMonths" : "12",
          "instrument:ccdXBinning" : "1",
          "instrument:builtinROI" : "Custom ROI",
          "instrument:filter" : "r_G0303",
          "observe:exposureTime" : "60.0",
          "observe:class" : "science",
          "observe:status" : "ready",
          "instrument:customROI1Ymin" : "1570",
          "instrument:disperser" : "B600_G5307",
          "telescope:guideWithOIWFS" : "guide",
          "observe:sciBand" : "1",
          "telescope:p" : "23.6",
          "ocs:obsConditions:CloudCover" : "50",
          "totalTime" : 170219,
          "instrument:detectorManufacturer" : "HAMAMATSU",
          "metadata:complete" : "false",
          "smartgcal:keyProvider" : "edu.gemini.spModel.gemini.gmos.InstGmosNorth@32abe2f8",
          "ocs:programId" : "GN-2018A-Q-127",
          "instrument:instrument" : "GMOS-N"
        },
        {
          "ocs:obsConditions:WaterVapor" : "100",
          "instrument:customROI1Xmin" : "2172",
          "instrument:mosPreimaging" : "No",
          "instrument:version" : "2009A-1",
          "instrument:port" : "side-looking",
          "instrument:gainSetting" : "1",
          "instrument:useNS" : "false",
          "instrument:customROI1Yrange" : "1100",
          "telescope:version" : "2009B-1",
          "instrument:fpu" : "IFU Left Slit (blue)",
          "ocs:obsConditions:ImageQuality" : "70",
          "instrument:observingWavelength" : "0.478",
          "instrument:gainChoice" : "High",
          "observe:object" : "IZw18 - Knot 2",
          "instrument:posAngle" : "180.0",
          "instrument:exposureTime" : "1200.0",
          "instrument:customROI1Xrange" : "1800",
          "telescope:Base:name" : "IZw18 - Knot 2",
          "telescope:guideWithPWFS1" : "park",
          "metadata:stepcount" : "7",
          "instrument:disperserOrder" : "1",
          "ocs:observationId" : "GN-2018A-Q-127-4",
          "instrument:ampReadMode" : "Slow",
          "instrument:stageMode" : "Follow in XY",
          "telescope:q" : "-9.5",
          "ocs:obsConditions:SkyBackground" : "100",
          "instrument:dtaXOffset" : "0",
          "instrument:fpuMode" : "Builtin",
          "instrument:ampCount" : "Twelve",
          "observe:observeType" : "OBJECT",
          "metadata:spnodekey" : "022c7265-041e-4883-8c7d-cdd8ed522587,620a0ae5-c814-45ff-adc7-6a4e9e33841c,6e7b8c8f-92b1-48f2-a250-67ce4b56a53a",
          "instrument:disperserLambda" : "550.0",
          "observe:dataLabel" : "GN-2018A-Q-127-4-007",
          "ocs:obsConditions:MinAirmass" : "1.0",
          "ocs:obsConditions:MaxAirmass" : "1.5",
          "instrument:ccdYBinning" : "1",
          "observe:headerVisibility" : "PUBLIC",
          "telescope:guideWithPWFS2" : "park",
          "instrument:adc" : "No Correction",
          "smartgcal:maperror" : "false",
          "observe:proprietaryMonths" : "12",
          "instrument:ccdXBinning" : "1",
          "instrument:builtinROI" : "Full Frame Readout",
          "instrument:filter" : "HeIIC_G0321",
          "observe:exposureTime" : "1200.0",
          "observe:class" : "science",
          "observe:status" : "ready",
          "instrument:customROI1Ymin" : "1570",
          "instrument:disperser" : "Mirror",
          "telescope:guideWithOIWFS" : "guide",
          "observe:sciBand" : "1",
          "telescope:p" : "23.6",
          "ocs:obsConditions:CloudCover" : "50",
          "totalTime" : 1330000,
          "instrument:detectorManufacturer" : "HAMAMATSU",
          "metadata:complete" : "false",
          "smartgcal:keyProvider" : "edu.gemini.spModel.gemini.gmos.InstGmosNorth@32abe2f8",
          "ocs:programId" : "GN-2018A-Q-127",
          "instrument:instrument" : "GMOS-N"
        },
        {
          "ocs:obsConditions:WaterVapor" : "100",
          "instrument:customROI1Xmin" : "2172",
          "instrument:mosPreimaging" : "No",
          "instrument:version" : "2009A-1",
          "instrument:port" : "side-looking",
          "instrument:gainSetting" : "1",
          "instrument:useNS" : "false",
          "instrument:customROI1Yrange" : "1100",
          "telescope:version" : "2009B-1",
          "instrument:fpu" : "IFU Left Slit (blue)",
          "ocs:obsConditions:ImageQuality" : "70",
          "instrument:observingWavelength" : "0.478",
          "instrument:gainChoice" : "High",
          "observe:object" : "IZw18 - Knot 2",
          "instrument:posAngle" : "180.0",
          "instrument:exposureTime" : "1200.0",
          "instrument:customROI1Xrange" : "1800",
          "telescope:Base:name" : "IZw18 - Knot 2",
          "telescope:guideWithPWFS1" : "park",
          "metadata:stepcount" : "8",
          "instrument:disperserOrder" : "1",
          "ocs:observationId" : "GN-2018A-Q-127-4",
          "instrument:ampReadMode" : "Slow",
          "instrument:stageMode" : "Follow in XY",
          "telescope:q" : "-9.5",
          "ocs:obsConditions:SkyBackground" : "100",
          "instrument:dtaXOffset" : "0",
          "instrument:fpuMode" : "Builtin",
          "instrument:ampCount" : "Twelve",
          "observe:observeType" : "OBJECT",
          "metadata:spnodekey" : "022c7265-041e-4883-8c7d-cdd8ed522587,620a0ae5-c814-45ff-adc7-6a4e9e33841c,6e7b8c8f-92b1-48f2-a250-67ce4b56a53a",
          "instrument:disperserLambda" : "550.0",
          "observe:dataLabel" : "GN-2018A-Q-127-4-008",
          "ocs:obsConditions:MinAirmass" : "1.0",
          "ocs:obsConditions:MaxAirmass" : "1.5",
          "instrument:ccdYBinning" : "1",
          "observe:headerVisibility" : "PUBLIC",
          "telescope:guideWithPWFS2" : "park",
          "instrument:adc" : "No Correction",
          "smartgcal:maperror" : "false",
          "observe:proprietaryMonths" : "12",
          "instrument:ccdXBinning" : "1",
          "instrument:builtinROI" : "Full Frame Readout",
          "instrument:filter" : "HeIIC_G0321",
          "observe:exposureTime" : "1200.0",
          "observe:class" : "science",
          "observe:status" : "ready",
          "instrument:customROI1Ymin" : "1570",
          "instrument:disperser" : "Mirror",
          "telescope:guideWithOIWFS" : "guide",
          "observe:sciBand" : "1",
          "telescope:p" : "23.6",
          "ocs:obsConditions:CloudCover" : "50",
          "totalTime" : 1240000,
          "instrument:detectorManufacturer" : "HAMAMATSU",
          "metadata:complete" : "false",
          "smartgcal:keyProvider" : "edu.gemini.spModel.gemini.gmos.InstGmosNorth@32abe2f8",
          "ocs:programId" : "GN-2018A-Q-127",
          "instrument:instrument" : "GMOS-N"
        },
        {
          "ocs:obsConditions:WaterVapor" : "100",
          "instrument:customROI1Xmin" : "2172",
          "instrument:mosPreimaging" : "No",
          "instrument:version" : "2009A-1",
          "instrument:port" : "side-looking",
          "instrument:gainSetting" : "1",
          "instrument:useNS" : "false",
          "instrument:customROI1Yrange" : "1100",
          "telescope:version" : "2009B-1",
          "instrument:fpu" : "IFU Left Slit (blue)",
          "ocs:obsConditions:ImageQuality" : "70",
          "instrument:observingWavelength" : "0.478",
          "instrument:gainChoice" : "High",
          "observe:object" : "IZw18 - Knot 2",
          "instrument:posAngle" : "180.0",
          "instrument:exposureTime" : "1200.0",
          "instrument:customROI1Xrange" : "1800",
          "telescope:Base:name" : "IZw18 - Knot 2",
          "telescope:guideWithPWFS1" : "park",
          "metadata:stepcount" : "9",
          "instrument:disperserOrder" : "1",
          "ocs:observationId" : "GN-2018A-Q-127-4",
          "instrument:ampReadMode" : "Slow",
          "instrument:stageMode" : "Follow in XY",
          "telescope:q" : "-9.5",
          "ocs:obsConditions:SkyBackground" : "100",
          "instrument:dtaXOffset" : "0",
          "instrument:fpuMode" : "Builtin",
          "instrument:ampCount" : "Twelve",
          "observe:observeType" : "OBJECT",
          "metadata:spnodekey" : "022c7265-041e-4883-8c7d-cdd8ed522587,620a0ae5-c814-45ff-adc7-6a4e9e33841c,6e7b8c8f-92b1-48f2-a250-67ce4b56a53a",
          "instrument:disperserLambda" : "550.0",
          "observe:dataLabel" : "GN-2018A-Q-127-4-009",
          "ocs:obsConditions:MinAirmass" : "1.0",
          "ocs:obsConditions:MaxAirmass" : "1.5",
          "instrument:ccdYBinning" : "1",
          "observe:headerVisibility" : "PUBLIC",
          "telescope:guideWithPWFS2" : "park",
          "instrument:adc" : "No Correction",
          "smartgcal:maperror" : "false",
          "observe:proprietaryMonths" : "12",
          "instrument:ccdXBinning" : "1",
          "instrument:builtinROI" : "Full Frame Readout",
          "instrument:filter" : "HeIIC_G0321",
          "observe:exposureTime" : "1200.0",
          "observe:class" : "science",
          "observe:status" : "ready",
          "instrument:customROI1Ymin" : "1570",
          "instrument:disperser" : "Mirror",
          "telescope:guideWithOIWFS" : "guide",
          "observe:sciBand" : "1",
          "telescope:p" : "23.6",
          "ocs:obsConditions:CloudCover" : "50",
          "totalTime" : 1240000,
          "instrument:detectorManufacturer" : "HAMAMATSU",
          "metadata:complete" : "false",
          "smartgcal:keyProvider" : "edu.gemini.spModel.gemini.gmos.InstGmosNorth@32abe2f8",
          "ocs:programId" : "GN-2018A-Q-127",
          "instrument:instrument" : "GMOS-N"
        },
        {
          "ocs:obsConditions:WaterVapor" : "100",
          "instrument:customROI1Xmin" : "2172",
          "instrument:mosPreimaging" : "No",
          "instrument:version" : "2009A-1",
          "instrument:port" : "side-looking",
          "instrument:gainSetting" : "1",
          "instrument:useNS" : "false",
          "instrument:customROI1Yrange" : "1100",
          "telescope:version" : "2009B-1",
          "instrument:fpu" : "IFU Left Slit (blue)",
          "ocs:obsConditions:ImageQuality" : "70",
          "instrument:observingWavelength" : "0.478",
          "instrument:gainChoice" : "High",
          "observe:object" : "IZw18 - Knot 2",
          "instrument:posAngle" : "180.0",
          "instrument:exposureTime" : "1200.0",
          "instrument:customROI1Xrange" : "1800",
          "telescope:Base:name" : "IZw18 - Knot 2",
          "telescope:guideWithPWFS1" : "park",
          "metadata:stepcount" : "10",
          "instrument:disperserOrder" : "1",
          "ocs:observationId" : "GN-2018A-Q-127-4",
          "instrument:ampReadMode" : "Slow",
          "instrument:stageMode" : "Follow in XY",
          "telescope:q" : "-9.5",
          "ocs:obsConditions:SkyBackground" : "100",
          "instrument:dtaXOffset" : "0",
          "instrument:fpuMode" : "Builtin",
          "instrument:ampCount" : "Twelve",
          "observe:observeType" : "OBJECT",
          "metadata:spnodekey" : "022c7265-041e-4883-8c7d-cdd8ed522587,620a0ae5-c814-45ff-adc7-6a4e9e33841c,6e7b8c8f-92b1-48f2-a250-67ce4b56a53a",
          "instrument:disperserLambda" : "550.0",
          "observe:dataLabel" : "GN-2018A-Q-127-4-010",
          "ocs:obsConditions:MinAirmass" : "1.0",
          "ocs:obsConditions:MaxAirmass" : "1.5",
          "instrument:ccdYBinning" : "1",
          "observe:headerVisibility" : "PUBLIC",
          "telescope:guideWithPWFS2" : "park",
          "instrument:adc" : "No Correction",
          "smartgcal:maperror" : "false",
          "observe:proprietaryMonths" : "12",
          "instrument:ccdXBinning" : "1",
          "instrument:builtinROI" : "Full Frame Readout",
          "instrument:filter" : "HeIIC_G0321",
          "observe:exposureTime" : "1200.0",
          "observe:class" : "science",
          "observe:status" : "ready",
          "instrument:customROI1Ymin" : "1570",
          "instrument:disperser" : "Mirror",
          "telescope:guideWithOIWFS" : "guide",
          "observe:sciBand" : "1",
          "telescope:p" : "23.6",
          "ocs:obsConditions:CloudCover" : "50",
          "totalTime" : 1240000,
          "instrument:detectorManufacturer" : "HAMAMATSU",
          "metadata:complete" : "false",
          "smartgcal:keyProvider" : "edu.gemini.spModel.gemini.gmos.InstGmosNorth@32abe2f8",
          "ocs:programId" : "GN-2018A-Q-127",
          "instrument:instrument" : "GMOS-N"
        }
      ],
      "tooOverrideRapid" : false,
      "obsClass" : "science",
      "title" : "GRACES: 2 fiber, Slow readout, Faint target 2",
      "qaState" : "PASS",
      "TELESCOPE_TARGETENV-2" : {
        "userTargets" : [
          {
            "name" : "727-045440",
            "epoch" : 2000.0,
            "tag" : "sidereal",
            "deltara" : 1.2,
            "deltadec" : -22.7,
            "ra" : "09:34:06.298",
            "magnitudes" : [
              {
                "name" : "B",
                "value" : 16.206,
                "system" : "Vega"
              },
              {
                "name" : "g",
                "value" : 15.699,
                "system" : "AB"
              },
              {
                "name" : "V",
                "value" : 15.257,
                "system" : "Vega"
              },
              {
                "name" : "UC",
                "value" : 15.14,
                "system" : "Vega"
              },
              {
                "name" : "r",
                "value" : 14.985,
                "system" : "AB"
              },
              {
                "name" : "i",
                "value" : 14.672,
                "system" : "AB"
              },
              {
                "name" : "J",
                "value" : 13.675,
                "system" : "Vega"
              },
              {
                "name" : "H",
                "value" : 13.24,
                "system" : "Vega"
              },
              {
                "name" : "K",
                "value" : 13.117,
                "system" : "Vega"
              }
            ],
            "type" : "Blind-offset",
            "dec" : "55:14:37.32"
          }
        ],
        "primaryIndex" : 0,
        "base" : {
          "name" : "IZw18 - Knot 2",
          "tag" : "sidereal",
          "ra" : "09:34:02.373",
          "magnitudes" : [
            {
              "name" : "r",
              "value" : 18.399999618530273,
              "system" : "AB"
            }
          ],
          "type" : "Base",
          "dec" : "55:14:23.50"
        },
        "key" : "ef11edfc-0f7e-4f6d-a53c-2fb94afd2ebf",
        "guideGroups" : [
          {
            "name" : "auto",
            "tag" : "auto",
            "primaryGroup" : true,
            "guideProbe" : [
              {
                "guideProbeKey" : "GMOS OIWFS",
                "target" : {
                  "name" : "726-045978",
                  "epoch" : 2000.0,
                  "tag" : "sidereal",
                  "deltara" : -9.8,
                  "deltadec" : -17.1,
                  "ra" : "09:34:11.023",
                  "magnitudes" : [
                    {
                      "name" : "B",
                      "value" : 11.571,
                      "system" : "Vega"
                    },
                    {
                      "name" : "g",
                      "value" : 11.301,
                      "system" : "AB"
                    },
                    {
                      "name" : "V",
                      "value" : 11.09,
                      "system" : "Vega"
                    },
                    {
                      "name" : "UC",
                      "value" : 11.083,
                      "system" : "Vega"
                    },
                    {
                      "name" : "r",
                      "value" : 10.994,
                      "system" : "AB"
                    },
                    {
                      "name" : "i",
                      "value" : 10.886,
                      "system" : "AB"
                    },
                    {
                      "name" : "J",
                      "value" : 10.248,
                      "system" : "Vega"
                    },
                    {
                      "name" : "H",
                      "value" : 10.09,
                      "system" : "Vega"
                    },
                    {
                      "name" : "K",
                      "value" : 10.023,
                      "system" : "Vega"
                    }
                  ],
                  "type" : "GuideStar",
                  "dec" : "55:11:43.27"
                }
              }
            ]
          }
        ]
      },
      "phase2Status" : "Prepared"
    },
    "OBSERVATION_BASIC-2" : {
      "priority" : "Low",
      "setupTime" : 360000,
      "obsLog" : [
        {
          "qaState" : "Pass",
          "filename" : "N20180424S0029",
          "label" : "GN-2018A-Q-127-3-001"
        },
        {
          "qaState" : "Pass",
          "filename" : "N20180424S0030",
          "label" : "GN-2018A-Q-127-3-002"
        },
        {
          "qaState" : "Undefined",
          "filename" : "N20180424G0041",
          "label" : "GN-2018A-Q-127-3-1000"
        },
        {
          "qaState" : "Undefined",
          "filename" : "N20180424G0042",
          "label" : "GN-2018A-Q-127-3-1001"
        },
        {
          "qaState" : "Undefined",
          "filename" : "N20180424G0043",
          "label" : "GN-2018A-Q-127-3-1002"
        },
        {
          "qaState" : "Undefined",
          "filename" : "N20180424G0044",
          "label" : "GN-2018A-Q-127-3-1003"
        }
      ],
      "setupTimeType" : "FULL",
      "obsStatus" : "OBSERVED",
      "observationId" : "GN-2018A-Q-127-3",
      "key" : "0bf29ca4-c02b-4d07-95a4-e4beacf011b5",
      "sequence" : [
        {
          "ocs:obsConditions:WaterVapor" : "100",
          "instrument:customROI1Xmin" : "2172",
          "instrument:mosPreimaging" : "No",
          "instrument:version" : "2009A-1",
          "instrument:port" : "side-looking",
          "instrument:gainSetting" : "6",
          "instrument:useNS" : "false",
          "instrument:customROI1Yrange" : "1100",
          "telescope:version" : "2009B-1",
          "instrument:fpu" : "None",
          "ocs:obsConditions:ImageQuality" : "70",
          "instrument:observingWavelength" : "0.630",
          "instrument:gainChoice" : "Low",
          "observe:object" : "IZw18 - Knot 1",
          "instrument:posAngle" : "180.0",
          "instrument:exposureTime" : "5.0",
          "instrument:customROI1Xrange" : "1800",
          "telescope:Base:name" : "IZw18 - Knot 1",
          "telescope:guideWithPWFS1" : "park",
          "metadata:stepcount" : "1",
          "instrument:disperserOrder" : "1",
          "ocs:observationId" : "GN-2018A-Q-127-3",
          "instrument:ampReadMode" : "Fast",
          "instrument:stageMode" : "Follow in XY",
          "telescope:q" : "-9.5",
          "ocs:obsConditions:SkyBackground" : "80",
          "instrument:dtaXOffset" : "0",
          "instrument:fpuMode" : "Builtin",
          "instrument:ampCount" : "Twelve",
          "observe:observeType" : "OBJECT",
          "metadata:spnodekey" : "68e85385-72d5-45fe-bbe5-a807c9a22135,d31892f2-3108-4ae4-bbfe-bd0dce5d601e,4612ac3e-47de-4e2b-9b0a-a9380c8ad671,998bc586-1e19-4202-aa36-32c1f276a8dd",
          "instrument:disperserLambda" : "700.0",
          "observe:dataLabel" : "GN-2018A-Q-127-3-001",
          "ocs:obsConditions:MinAirmass" : "1.0",
          "ocs:obsConditions:MaxAirmass" : "1.5",
          "instrument:ccdYBinning" : "1",
          "observe:headerVisibility" : "PUBLIC",
          "telescope:guideWithPWFS2" : "park",
          "instrument:adc" : "No Correction",
          "smartgcal:maperror" : "false",
          "observe:proprietaryMonths" : "12",
          "instrument:ccdXBinning" : "1",
          "instrument:builtinROI" : "Custom ROI",
          "instrument:filter" : "r_G0303",
          "observe:exposureTime" : "5.0",
          "observe:class" : "acq",
          "observe:status" : "complete",
          "instrument:customROI1Ymin" : "1570",
          "instrument:disperser" : "Mirror",
          "telescope:guideWithOIWFS" : "guide",
          "observe:sciBand" : "1",
          "telescope:p" : "23.6",
          "ocs:obsConditions:CloudCover" : "50",
          "totalTime" : 32378,
          "instrument:detectorManufacturer" : "HAMAMATSU",
          "metadata:complete" : "true",
          "smartgcal:keyProvider" : "edu.gemini.spModel.gemini.gmos.InstGmosNorth@2f5b2267",
          "ocs:programId" : "GN-2018A-Q-127",
          "instrument:instrument" : "GMOS-N"
        },
        {
          "ocs:obsConditions:WaterVapor" : "100",
          "instrument:customROI1Xmin" : "2172",
          "instrument:mosPreimaging" : "No",
          "instrument:version" : "2009A-1",
          "instrument:port" : "side-looking",
          "instrument:gainSetting" : "6",
          "instrument:useNS" : "false",
          "instrument:customROI1Yrange" : "1100",
          "telescope:version" : "2009B-1",
          "instrument:fpu" : "None",
          "ocs:obsConditions:ImageQuality" : "70",
          "instrument:observingWavelength" : "0.630",
          "instrument:gainChoice" : "Low",
          "observe:object" : "IZw18 - Knot 1",
          "instrument:posAngle" : "180.0",
          "instrument:exposureTime" : "5.0",
          "instrument:customROI1Xrange" : "1800",
          "telescope:Base:name" : "IZw18 - Knot 1",
          "telescope:guideWithPWFS1" : "park",
          "metadata:stepcount" : "2",
          "instrument:disperserOrder" : "1",
          "ocs:observationId" : "GN-2018A-Q-127-3",
          "instrument:ampReadMode" : "Fast",
          "instrument:stageMode" : "Follow in XY",
          "telescope:q" : "-9.5",
          "ocs:obsConditions:SkyBackground" : "80",
          "instrument:dtaXOffset" : "0",
          "instrument:fpuMode" : "Builtin",
          "instrument:ampCount" : "Twelve",
          "observe:observeType" : "OBJECT",
          "metadata:spnodekey" : "68e85385-72d5-45fe-bbe5-a807c9a22135,d31892f2-3108-4ae4-bbfe-bd0dce5d601e,4612ac3e-47de-4e2b-9b0a-a9380c8ad671,998bc586-1e19-4202-aa36-32c1f276a8dd",
          "instrument:disperserLambda" : "700.0",
          "observe:dataLabel" : "GN-2018A-Q-127-3-002",
          "ocs:obsConditions:MinAirmass" : "1.0",
          "ocs:obsConditions:MaxAirmass" : "1.5",
          "instrument:ccdYBinning" : "1",
          "observe:headerVisibility" : "PUBLIC",
          "telescope:guideWithPWFS2" : "park",
          "instrument:adc" : "No Correction",
          "smartgcal:maperror" : "false",
          "observe:proprietaryMonths" : "12",
          "instrument:ccdXBinning" : "1",
          "instrument:builtinROI" : "Custom ROI",
          "instrument:filter" : "r_G0303",
          "observe:exposureTime" : "5.0",
          "observe:class" : "acq",
          "observe:status" : "complete",
          "instrument:customROI1Ymin" : "1570",
          "instrument:disperser" : "Mirror",
          "telescope:guideWithOIWFS" : "guide",
          "observe:sciBand" : "1",
          "telescope:p" : "23.6",
          "ocs:obsConditions:CloudCover" : "50",
          "totalTime" : 25219,
          "instrument:detectorManufacturer" : "HAMAMATSU",
          "metadata:complete" : "true",
          "smartgcal:keyProvider" : "edu.gemini.spModel.gemini.gmos.InstGmosNorth@2f5b2267",
          "ocs:programId" : "GN-2018A-Q-127",
          "instrument:instrument" : "GMOS-N"
        },
        {
          "ocs:obsConditions:WaterVapor" : "100",
          "instrument:customROI1Xmin" : "2172",
          "instrument:mosPreimaging" : "No",
          "instrument:version" : "2009A-1",
          "instrument:port" : "side-looking",
          "instrument:gainSetting" : "6",
          "instrument:useNS" : "false",
          "instrument:customROI1Yrange" : "1100",
          "telescope:version" : "2009B-1",
          "instrument:fpu" : "None",
          "ocs:obsConditions:ImageQuality" : "70",
          "instrument:observingWavelength" : "0.630",
          "instrument:gainChoice" : "Low",
          "observe:object" : "IZw18 - Knot 1",
          "instrument:posAngle" : "180.0",
          "instrument:exposureTime" : "5.0",
          "instrument:customROI1Xrange" : "1800",
          "telescope:Base:name" : "IZw18 - Knot 1",
          "telescope:guideWithPWFS1" : "park",
          "metadata:stepcount" : "3",
          "instrument:disperserOrder" : "1",
          "ocs:observationId" : "GN-2018A-Q-127-3",
          "instrument:ampReadMode" : "Fast",
          "instrument:stageMode" : "Follow in XY",
          "telescope:q" : "-9.5",
          "ocs:obsConditions:SkyBackground" : "80",
          "instrument:dtaXOffset" : "0",
          "instrument:fpuMode" : "Builtin",
          "instrument:ampCount" : "Twelve",
          "observe:observeType" : "OBJECT",
          "metadata:spnodekey" : "68e85385-72d5-45fe-bbe5-a807c9a22135,d31892f2-3108-4ae4-bbfe-bd0dce5d601e,4612ac3e-47de-4e2b-9b0a-a9380c8ad671,998bc586-1e19-4202-aa36-32c1f276a8dd",
          "instrument:disperserLambda" : "700.0",
          "observe:dataLabel" : "GN-2018A-Q-127-3-003",
          "ocs:obsConditions:MinAirmass" : "1.0",
          "ocs:obsConditions:MaxAirmass" : "1.5",
          "instrument:ccdYBinning" : "1",
          "observe:headerVisibility" : "PUBLIC",
          "telescope:guideWithPWFS2" : "park",
          "instrument:adc" : "No Correction",
          "smartgcal:maperror" : "false",
          "observe:proprietaryMonths" : "12",
          "instrument:ccdXBinning" : "1",
          "instrument:builtinROI" : "Custom ROI",
          "instrument:filter" : "r_G0303",
          "observe:exposureTime" : "5.0",
          "observe:class" : "acq",
          "observe:status" : "ready",
          "instrument:customROI1Ymin" : "1570",
          "instrument:disperser" : "Mirror",
          "telescope:guideWithOIWFS" : "guide",
          "observe:sciBand" : "1",
          "telescope:p" : "23.6",
          "ocs:obsConditions:CloudCover" : "50",
          "totalTime" : 25219,
          "instrument:detectorManufacturer" : "HAMAMATSU",
          "metadata:complete" : "false",
          "smartgcal:keyProvider" : "edu.gemini.spModel.gemini.gmos.InstGmosNorth@2f5b2267",
          "ocs:programId" : "GN-2018A-Q-127",
          "instrument:instrument" : "GMOS-N"
        },
        {
          "ocs:obsConditions:WaterVapor" : "100",
          "instrument:customROI1Xmin" : "2172",
          "instrument:mosPreimaging" : "No",
          "instrument:version" : "2009A-1",
          "instrument:port" : "side-looking",
          "instrument:gainSetting" : "6",
          "instrument:useNS" : "false",
          "instrument:customROI1Yrange" : "1100",
          "telescope:version" : "2009B-1",
          "instrument:fpu" : "None",
          "ocs:obsConditions:ImageQuality" : "70",
          "instrument:observingWavelength" : "0.630",
          "instrument:gainChoice" : "Low",
          "observe:object" : "IZw18 - Knot 1",
          "instrument:posAngle" : "180.0",
          "instrument:exposureTime" : "5.0",
          "instrument:customROI1Xrange" : "1800",
          "telescope:Base:name" : "IZw18 - Knot 1",
          "telescope:guideWithPWFS1" : "park",
          "metadata:stepcount" : "4",
          "instrument:disperserOrder" : "1",
          "ocs:observationId" : "GN-2018A-Q-127-3",
          "instrument:ampReadMode" : "Fast",
          "instrument:stageMode" : "Follow in XY",
          "telescope:q" : "-9.5",
          "ocs:obsConditions:SkyBackground" : "80",
          "instrument:dtaXOffset" : "0",
          "instrument:fpuMode" : "Builtin",
          "instrument:ampCount" : "Twelve",
          "observe:observeType" : "OBJECT",
          "metadata:spnodekey" : "68e85385-72d5-45fe-bbe5-a807c9a22135,d31892f2-3108-4ae4-bbfe-bd0dce5d601e,4612ac3e-47de-4e2b-9b0a-a9380c8ad671,998bc586-1e19-4202-aa36-32c1f276a8dd",
          "instrument:disperserLambda" : "700.0",
          "observe:dataLabel" : "GN-2018A-Q-127-3-004",
          "ocs:obsConditions:MinAirmass" : "1.0",
          "ocs:obsConditions:MaxAirmass" : "1.5",
          "instrument:ccdYBinning" : "1",
          "observe:headerVisibility" : "PUBLIC",
          "telescope:guideWithPWFS2" : "park",
          "instrument:adc" : "No Correction",
          "smartgcal:maperror" : "false",
          "observe:proprietaryMonths" : "12",
          "instrument:ccdXBinning" : "1",
          "instrument:builtinROI" : "Custom ROI",
          "instrument:filter" : "r_G0303",
          "observe:exposureTime" : "5.0",
          "observe:class" : "acq",
          "observe:status" : "ready",
          "instrument:customROI1Ymin" : "1570",
          "instrument:disperser" : "Mirror",
          "telescope:guideWithOIWFS" : "guide",
          "observe:sciBand" : "1",
          "telescope:p" : "23.6",
          "ocs:obsConditions:CloudCover" : "50",
          "totalTime" : 25219,
          "instrument:detectorManufacturer" : "HAMAMATSU",
          "metadata:complete" : "false",
          "smartgcal:keyProvider" : "edu.gemini.spModel.gemini.gmos.InstGmosNorth@2f5b2267",
          "ocs:programId" : "GN-2018A-Q-127",
          "instrument:instrument" : "GMOS-N"
        },
        {
          "ocs:obsConditions:WaterVapor" : "100",
          "instrument:customROI1Xmin" : "2172",
          "instrument:mosPreimaging" : "No",
          "instrument:version" : "2009A-1",
          "instrument:port" : "side-looking",
          "instrument:gainSetting" : "6",
          "instrument:useNS" : "false",
          "instrument:customROI1Yrange" : "1100",
          "telescope:version" : "2009B-1",
          "instrument:fpu" : "IFU Left Slit (blue)",
          "ocs:obsConditions:ImageQuality" : "70",
          "instrument:observingWavelength" : "0.700",
          "instrument:gainChoice" : "Low",
          "observe:object" : "IZw18 - Knot 1",
          "instrument:posAngle" : "180.0",
          "instrument:exposureTime" : "60.0",
          "instrument:customROI1Xrange" : "1800",
          "telescope:Base:name" : "IZw18 - Knot 1",
          "telescope:guideWithPWFS1" : "park",
          "metadata:stepcount" : "5",
          "instrument:disperserOrder" : "1",
          "ocs:observationId" : "GN-2018A-Q-127-3",
          "instrument:ampReadMode" : "Fast",
          "instrument:stageMode" : "Follow in XY",
          "telescope:q" : "-9.5",
          "ocs:obsConditions:SkyBackground" : "80",
          "instrument:dtaXOffset" : "0",
          "instrument:fpuMode" : "Builtin",
          "instrument:ampCount" : "Twelve",
          "observe:observeType" : "OBJECT",
          "metadata:spnodekey" : "68e85385-72d5-45fe-bbe5-a807c9a22135,d31892f2-3108-4ae4-bbfe-bd0dce5d601e,ac868810-35e7-45d3-9f7b-6da78142d2a9,d1af95a7-8bd9-4c3a-9309-e8790ef2c59b",
          "instrument:disperserLambda" : "700.0",
          "observe:dataLabel" : "GN-2018A-Q-127-3-005",
          "ocs:obsConditions:MinAirmass" : "1.0",
          "ocs:obsConditions:MaxAirmass" : "1.5",
          "instrument:ccdYBinning" : "1",
          "observe:headerVisibility" : "PUBLIC",
          "telescope:guideWithPWFS2" : "park",
          "instrument:adc" : "No Correction",
          "smartgcal:maperror" : "false",
          "observe:proprietaryMonths" : "12",
          "instrument:ccdXBinning" : "1",
          "instrument:builtinROI" : "Custom ROI",
          "instrument:filter" : "r_G0303",
          "observe:exposureTime" : "60.0",
          "observe:class" : "science",
          "observe:status" : "ready",
          "instrument:customROI1Ymin" : "1570",
          "instrument:disperser" : "B600_G5307",
          "telescope:guideWithOIWFS" : "guide",
          "observe:sciBand" : "1",
          "telescope:p" : "23.6",
          "ocs:obsConditions:CloudCover" : "50",
          "totalTime" : 170219,
          "instrument:detectorManufacturer" : "HAMAMATSU",
          "metadata:complete" : "false",
          "smartgcal:keyProvider" : "edu.gemini.spModel.gemini.gmos.InstGmosNorth@2f5b2267",
          "ocs:programId" : "GN-2018A-Q-127",
          "instrument:instrument" : "GMOS-N"
        },
        {
          "ocs:obsConditions:WaterVapor" : "100",
          "instrument:customROI1Xmin" : "2172",
          "instrument:mosPreimaging" : "No",
          "instrument:version" : "2009A-1",
          "instrument:port" : "side-looking",
          "instrument:gainSetting" : "1",
          "instrument:useNS" : "false",
          "instrument:customROI1Yrange" : "1100",
          "telescope:version" : "2009B-1",
          "instrument:fpu" : "IFU Left Slit (blue)",
          "ocs:obsConditions:ImageQuality" : "70",
          "instrument:observingWavelength" : "0.478",
          "instrument:gainChoice" : "High",
          "observe:object" : "IZw18 - Knot 1",
          "instrument:posAngle" : "180.0",
          "instrument:exposureTime" : "1200.0",
          "instrument:customROI1Xrange" : "1800",
          "telescope:Base:name" : "IZw18 - Knot 1",
          "telescope:guideWithPWFS1" : "park",
          "metadata:stepcount" : "6",
          "instrument:disperserOrder" : "1",
          "ocs:observationId" : "GN-2018A-Q-127-3",
          "instrument:ampReadMode" : "Slow",
          "instrument:stageMode" : "Follow in XY",
          "telescope:q" : "-9.5",
          "ocs:obsConditions:SkyBackground" : "80",
          "instrument:dtaXOffset" : "0",
          "instrument:fpuMode" : "Builtin",
          "instrument:ampCount" : "Twelve",
          "observe:observeType" : "OBJECT",
          "metadata:spnodekey" : "948c30fd-8a0e-43b7-8358-265d21b1fa5a,68bc8242-2da9-446c-975a-8ab5ecf00eb4,31bb2238-14c8-4d41-a568-861014c17398",
          "instrument:disperserLambda" : "550.0",
          "observe:dataLabel" : "GN-2018A-Q-127-3-006",
          "ocs:obsConditions:MinAirmass" : "1.0",
          "ocs:obsConditions:MaxAirmass" : "1.5",
          "instrument:ccdYBinning" : "1",
          "observe:headerVisibility" : "PUBLIC",
          "telescope:guideWithPWFS2" : "park",
          "instrument:adc" : "No Correction",
          "smartgcal:maperror" : "false",
          "observe:proprietaryMonths" : "12",
          "instrument:ccdXBinning" : "1",
          "instrument:builtinROI" : "Full Frame Readout",
          "instrument:filter" : "HeIIC_G0321",
          "observe:exposureTime" : "1200.0",
          "observe:class" : "science",
          "observe:status" : "ready",
          "instrument:customROI1Ymin" : "1570",
          "instrument:disperser" : "Mirror",
          "telescope:guideWithOIWFS" : "guide",
          "observe:sciBand" : "1",
          "telescope:p" : "23.6",
          "ocs:obsConditions:CloudCover" : "50",
          "totalTime" : 1330000,
          "instrument:detectorManufacturer" : "HAMAMATSU",
          "metadata:complete" : "false",
          "smartgcal:keyProvider" : "edu.gemini.spModel.gemini.gmos.InstGmosNorth@2f5b2267",
          "ocs:programId" : "GN-2018A-Q-127",
          "instrument:instrument" : "GMOS-N"
        },
        {
          "ocs:obsConditions:WaterVapor" : "100",
          "instrument:customROI1Xmin" : "2172",
          "instrument:mosPreimaging" : "No",
          "instrument:version" : "2009A-1",
          "instrument:port" : "side-looking",
          "instrument:gainSetting" : "1",
          "instrument:useNS" : "false",
          "instrument:customROI1Yrange" : "1100",
          "telescope:version" : "2009B-1",
          "instrument:fpu" : "IFU Left Slit (blue)",
          "ocs:obsConditions:ImageQuality" : "70",
          "instrument:observingWavelength" : "0.478",
          "instrument:gainChoice" : "High",
          "observe:object" : "IZw18 - Knot 1",
          "instrument:posAngle" : "180.0",
          "instrument:exposureTime" : "1200.0",
          "instrument:customROI1Xrange" : "1800",
          "telescope:Base:name" : "IZw18 - Knot 1",
          "telescope:guideWithPWFS1" : "park",
          "metadata:stepcount" : "7",
          "instrument:disperserOrder" : "1",
          "ocs:observationId" : "GN-2018A-Q-127-3",
          "instrument:ampReadMode" : "Slow",
          "instrument:stageMode" : "Follow in XY",
          "telescope:q" : "-9.5",
          "ocs:obsConditions:SkyBackground" : "80",
          "instrument:dtaXOffset" : "0",
          "instrument:fpuMode" : "Builtin",
          "instrument:ampCount" : "Twelve",
          "observe:observeType" : "OBJECT",
          "metadata:spnodekey" : "948c30fd-8a0e-43b7-8358-265d21b1fa5a,68bc8242-2da9-446c-975a-8ab5ecf00eb4,31bb2238-14c8-4d41-a568-861014c17398",
          "instrument:disperserLambda" : "550.0",
          "observe:dataLabel" : "GN-2018A-Q-127-3-007",
          "ocs:obsConditions:MinAirmass" : "1.0",
          "ocs:obsConditions:MaxAirmass" : "1.5",
          "instrument:ccdYBinning" : "1",
          "observe:headerVisibility" : "PUBLIC",
          "telescope:guideWithPWFS2" : "park",
          "instrument:adc" : "No Correction",
          "smartgcal:maperror" : "false",
          "observe:proprietaryMonths" : "12",
          "instrument:ccdXBinning" : "1",
          "instrument:builtinROI" : "Full Frame Readout",
          "instrument:filter" : "HeIIC_G0321",
          "observe:exposureTime" : "1200.0",
          "observe:class" : "science",
          "observe:status" : "ready",
          "instrument:customROI1Ymin" : "1570",
          "instrument:disperser" : "Mirror",
          "telescope:guideWithOIWFS" : "guide",
          "observe:sciBand" : "1",
          "telescope:p" : "23.6",
          "ocs:obsConditions:CloudCover" : "50",
          "totalTime" : 1240000,
          "instrument:detectorManufacturer" : "HAMAMATSU",
          "metadata:complete" : "false",
          "smartgcal:keyProvider" : "edu.gemini.spModel.gemini.gmos.InstGmosNorth@2f5b2267",
          "ocs:programId" : "GN-2018A-Q-127",
          "instrument:instrument" : "GMOS-N"
        },
        {
          "ocs:obsConditions:WaterVapor" : "100",
          "instrument:customROI1Xmin" : "2172",
          "instrument:mosPreimaging" : "No",
          "instrument:version" : "2009A-1",
          "instrument:port" : "side-looking",
          "instrument:gainSetting" : "1",
          "instrument:useNS" : "false",
          "instrument:customROI1Yrange" : "1100",
          "telescope:version" : "2009B-1",
          "instrument:fpu" : "IFU Left Slit (blue)",
          "ocs:obsConditions:ImageQuality" : "70",
          "instrument:observingWavelength" : "0.478",
          "instrument:gainChoice" : "High",
          "observe:object" : "IZw18 - Knot 1",
          "instrument:posAngle" : "180.0",
          "instrument:exposureTime" : "1200.0",
          "instrument:customROI1Xrange" : "1800",
          "telescope:Base:name" : "IZw18 - Knot 1",
          "telescope:guideWithPWFS1" : "park",
          "metadata:stepcount" : "8",
          "instrument:disperserOrder" : "1",
          "ocs:observationId" : "GN-2018A-Q-127-3",
          "instrument:ampReadMode" : "Slow",
          "instrument:stageMode" : "Follow in XY",
          "telescope:q" : "-9.5",
          "ocs:obsConditions:SkyBackground" : "80",
          "instrument:dtaXOffset" : "0",
          "instrument:fpuMode" : "Builtin",
          "instrument:ampCount" : "Twelve",
          "observe:observeType" : "OBJECT",
          "metadata:spnodekey" : "948c30fd-8a0e-43b7-8358-265d21b1fa5a,68bc8242-2da9-446c-975a-8ab5ecf00eb4,31bb2238-14c8-4d41-a568-861014c17398",
          "instrument:disperserLambda" : "550.0",
          "observe:dataLabel" : "GN-2018A-Q-127-3-008",
          "ocs:obsConditions:MinAirmass" : "1.0",
          "ocs:obsConditions:MaxAirmass" : "1.5",
          "instrument:ccdYBinning" : "1",
          "observe:headerVisibility" : "PUBLIC",
          "telescope:guideWithPWFS2" : "park",
          "instrument:adc" : "No Correction",
          "smartgcal:maperror" : "false",
          "observe:proprietaryMonths" : "12",
          "instrument:ccdXBinning" : "1",
          "instrument:builtinROI" : "Full Frame Readout",
          "instrument:filter" : "HeIIC_G0321",
          "observe:exposureTime" : "1200.0",
          "observe:class" : "science",
          "observe:status" : "ready",
          "instrument:customROI1Ymin" : "1570",
          "instrument:disperser" : "Mirror",
          "telescope:guideWithOIWFS" : "guide",
          "observe:sciBand" : "1",
          "telescope:p" : "23.6",
          "ocs:obsConditions:CloudCover" : "50",
          "totalTime" : 1240000,
          "instrument:detectorManufacturer" : "HAMAMATSU",
          "metadata:complete" : "false",
          "smartgcal:keyProvider" : "edu.gemini.spModel.gemini.gmos.InstGmosNorth@2f5b2267",
          "ocs:programId" : "GN-2018A-Q-127",
          "instrument:instrument" : "GMOS-N"
        },
        {
          "ocs:obsConditions:WaterVapor" : "100",
          "instrument:customROI1Xmin" : "2172",
          "instrument:mosPreimaging" : "No",
          "instrument:version" : "2009A-1",
          "instrument:port" : "side-looking",
          "instrument:gainSetting" : "1",
          "instrument:useNS" : "false",
          "instrument:customROI1Yrange" : "1100",
          "telescope:version" : "2009B-1",
          "instrument:fpu" : "IFU Left Slit (blue)",
          "ocs:obsConditions:ImageQuality" : "70",
          "instrument:observingWavelength" : "0.478",
          "instrument:gainChoice" : "High",
          "observe:object" : "IZw18 - Knot 1",
          "instrument:posAngle" : "180.0",
          "instrument:exposureTime" : "1200.0",
          "instrument:customROI1Xrange" : "1800",
          "telescope:Base:name" : "IZw18 - Knot 1",
          "telescope:guideWithPWFS1" : "park",
          "metadata:stepcount" : "9",
          "instrument:disperserOrder" : "1",
          "ocs:observationId" : "GN-2018A-Q-127-3",
          "instrument:ampReadMode" : "Slow",
          "instrument:stageMode" : "Follow in XY",
          "telescope:q" : "-9.5",
          "ocs:obsConditions:SkyBackground" : "80",
          "instrument:dtaXOffset" : "0",
          "instrument:fpuMode" : "Builtin",
          "instrument:ampCount" : "Twelve",
          "observe:observeType" : "OBJECT",
          "metadata:spnodekey" : "948c30fd-8a0e-43b7-8358-265d21b1fa5a,68bc8242-2da9-446c-975a-8ab5ecf00eb4,31bb2238-14c8-4d41-a568-861014c17398",
          "instrument:disperserLambda" : "550.0",
          "observe:dataLabel" : "GN-2018A-Q-127-3-009",
          "ocs:obsConditions:MinAirmass" : "1.0",
          "ocs:obsConditions:MaxAirmass" : "1.5",
          "instrument:ccdYBinning" : "1",
          "observe:headerVisibility" : "PUBLIC",
          "telescope:guideWithPWFS2" : "park",
          "instrument:adc" : "No Correction",
          "smartgcal:maperror" : "false",
          "observe:proprietaryMonths" : "12",
          "instrument:ccdXBinning" : "1",
          "instrument:builtinROI" : "Full Frame Readout",
          "instrument:filter" : "HeIIC_G0321",
          "observe:exposureTime" : "1200.0",
          "observe:class" : "science",
          "observe:status" : "ready",
          "instrument:customROI1Ymin" : "1570",
          "instrument:disperser" : "Mirror",
          "telescope:guideWithOIWFS" : "guide",
          "observe:sciBand" : "1",
          "telescope:p" : "23.6",
          "ocs:obsConditions:CloudCover" : "50",
          "totalTime" : 1240000,
          "instrument:detectorManufacturer" : "HAMAMATSU",
          "metadata:complete" : "false",
          "smartgcal:keyProvider" : "edu.gemini.spModel.gemini.gmos.InstGmosNorth@2f5b2267",
          "ocs:programId" : "GN-2018A-Q-127",
          "instrument:instrument" : "GMOS-N"
        }
      ],
      "SCHEDULING_CONDITIONS-2" : {
        "elevationConstraintType" : "Airmass",
        "timingWindows" : [],
        "wv" : "Any",
        "key" : "17dcb8b1-a766-4bf0-b609-96044d4b9ca1",
        "sb" : "80%/Grey",
        "elevationConstraintMin" : 1.0,
        "elevationConstraintMax" : 1.5,
        "cc" : "50%/Clear",
        "iq" : "70%/Good"
      },
      "TELESCOPE_TARGETENV-3" : {
        "userTargets" : [
          {
            "name" : "727-045440",
            "epoch" : 2000.0,
            "tag" : "sidereal",
            "deltara" : 1.2,
            "deltadec" : -22.7,
            "ra" : "09:34:06.298",
            "magnitudes" : [
              {
                "name" : "B",
                "value" : 16.206,
                "system" : "Vega"
              },
              {
                "name" : "g",
                "value" : 15.699,
                "system" : "AB"
              },
              {
                "name" : "V",
                "value" : 15.257,
                "system" : "Vega"
              },
              {
                "name" : "UC",
                "value" : 15.14,
                "system" : "Vega"
              },
              {
                "name" : "r",
                "value" : 14.985,
                "system" : "AB"
              },
              {
                "name" : "i",
                "value" : 14.672,
                "system" : "AB"
              },
              {
                "name" : "J",
                "value" : 13.675,
                "system" : "Vega"
              },
              {
                "name" : "H",
                "value" : 13.24,
                "system" : "Vega"
              },
              {
                "name" : "K",
                "value" : 13.117,
                "system" : "Vega"
              }
            ],
            "type" : "Blind-offset",
            "dec" : "55:14:37.32"
          }
        ],
        "primaryIndex" : 0,
        "base" : {
          "name" : "IZw18 - Knot 1",
          "tag" : "sidereal",
          "ra" : "09:34:02.132",
          "magnitudes" : [
            {
              "name" : "r",
              "value" : 18.399999618530273,
              "system" : "AB"
            }
          ],
          "type" : "Base",
          "dec" : "55:14:28.20"
        },
        "key" : "e8de5209-0a2c-4faf-979c-923da4f4ef51",
        "guideGroups" : [
          {
            "name" : "auto",
            "tag" : "auto",
            "primaryGroup" : true,
            "guideProbe" : [
              {
                "guideProbeKey" : "GMOS OIWFS",
                "target" : {
                  "name" : "726-045978",
                  "epoch" : 2000.0,
                  "tag" : "sidereal",
                  "deltara" : -9.8,
                  "deltadec" : -17.1,
                  "ra" : "09:34:11.023",
                  "magnitudes" : [
                    {
                      "name" : "B",
                      "value" : 11.571,
                      "system" : "Vega"
                    },
                    {
                      "name" : "g",
                      "value" : 11.301,
                      "system" : "AB"
                    },
                    {
                      "name" : "V",
                      "value" : 11.09,
                      "system" : "Vega"
                    },
                    {
                      "name" : "UC",
                      "value" : 11.083,
                      "system" : "Vega"
                    },
                    {
                      "name" : "r",
                      "value" : 10.994,
                      "system" : "AB"
                    },
                    {
                      "name" : "i",
                      "value" : 10.886,
                      "system" : "AB"
                    },
                    {
                      "name" : "J",
                      "value" : 10.248,
                      "system" : "Vega"
                    },
                    {
                      "name" : "H",
                      "value" : 10.09,
                      "system" : "Vega"
                    },
                    {
                      "name" : "K",
                      "value" : 10.023,
                      "system" : "Vega"
                    }
                  ],
                  "type" : "GuideStar",
                  "dec" : "55:11:43.27"
                }
              }
            ]
          }
        ]
      },
      "tooOverrideRapid" : false,
      "INFO_NOTE-1" : {
        "title" : "Acquisition exposure times",
        "text" : "V/R      exp. time\n(mag)        (s)\n 11            2\n 12            5\n 13            5\n 14            5\n 15            5\n 16          10\n 17          25\n 18          50\n 19        110\n 20        240\n>21        blind offset\n",
        "key" : "0e7eb7d6-ad58-44d4-801f-bfa932568a5e"
      },
      "obsClass" : "science",
      "title" : "GRACES: 2 fiber, Slow readout, Faint target 1",
      "qaState" : "UNDEFINED",
      "phase2Status" : "Prepared"
    }
  },
  "investigators" : [
    {
      "investigatorFirstName" : "Guillermo",
      "investigatorLastName" : "Bosch",
      "investigatorEmail" : "bosch.guille@gmail.com"
    },
    {
      "investigatorFirstName" : "Veronica",
      "investigatorLastName" : "Firpo",
      "investigatorEmail" : "vero.firpo@gmail.com"
    },
    {
      "investigatorFirstName" : "Monica",
      "investigatorLastName" : "Cardaci",
      "investigatorEmail" : "mvcardaci@gmail.com"
    },
    {
      "investigatorFirstName" : "Guillermo",
      "investigatorLastName" : "Hagele",
      "investigatorEmail" : "guille.h1@gmail.com"
    }
  ],
  "affiliate" : "Argentina",
  "piFirstName" : "Federico"
}}