{"PROGRAM_BASIC" : {
  "INFO_SCHEDNOTE-3" : {
    "title" : "Observe target every ~3 weeks",
    "text" : "Have PI set up next timing window after each observation.",
    "key" : "983b6427-1f7d-4a72-a14a-603cde2fd6bd"
  },
  "OBSERVATION_BASIC-9" : {
    "SCHEDULING_CONDITIONS-0" : {
      "elevationConstraintType" : "None",
      "timingWindows" : [],
      "wv" : "Any",
      "key" : "5a9ea1f0-34dc-4c89-a482-a83087a41695",
      "sb" : "50%/Dark",
      "elevationConstraintMin" : 0.0,
      "elevationConstraintMax" : 0.0,
      "cc" : "50%/Clear",
      "iq" : "70%/Good"
    },
    "priority" : "High",
    "setupTime" : 360000,
    "TELESCOPE_TARGETENV-1" : {
      "userTargets" : [],
      "primaryIndex" : 0,
      "base" : {
        "des" : "2000 SY178",
        "name" : "2000 SY178",
        "nonsiderealObjectType" : "ASTEROID",
        "tag" : "nonsidereal",
        "magnitudes" : [
          {
            "name" : "r",
            "value" : 20.0,
            "system" : "AB"
          }
        ],
        "horizonsQuery" : "ASTNAM=2000 SY178",
        "type" : "Base"
      },
      "key" : "6debdd4f-ecf3-45cb-aa18-515e6748087a",
      "guideGroups" : [
        {
          "name" : "auto",
          "tag" : "auto",
          "primaryGroup" : true,
          "guideProbe" : [
            {
              "guideProbeKey" : "PWFS2",
              "target" : {
                "name" : "531-049172",
                "epoch" : 2000.0,
                "tag" : "sidereal",
                "deltara" : -2.1,
                "deltadec" : -3.3,
                "ra" : "09:35:47.369",
                "magnitudes" : [
                  {
                    "name" : "B",
                    "value" : 13.974,
                    "system" : "Vega"
                  },
                  {
                    "name" : "g",
                    "value" : 13.602,
                    "system" : "AB"
                  },
                  {
                    "name" : "V",
                    "value" : 13.364,
                    "system" : "Vega"
                  },
                  {
                    "name" : "UC",
                    "value" : 13.289,
                    "system" : "Vega"
                  },
                  {
                    "name" : "r",
                    "value" : 13.164,
                    "system" : "AB"
                  },
                  {
                    "name" : "i",
                    "value" : 13.048,
                    "system" : "AB"
                  },
                  {
                    "name" : "J",
                    "value" : 12.09,
                    "system" : "Vega"
                  },
                  {
                    "name" : "H",
                    "value" : 11.718,
                    "system" : "Vega"
                  },
                  {
                    "name" : "K",
                    "value" : 11.629,
                    "system" : "Vega"
                  }
                ],
                "type" : "GuideStar",
                "dec" : "16:00:24.23"
              }
            }
          ]
        }
      ]
    },
    "obsLog" : [],
    "setupTimeType" : "FULL",
    "obsStatus" : "INACTIVE",
    "observationId" : "GN-2018B-FT-206-4",
    "key" : "dddee696-656e-4284-8ea3-eff670ba5fef",
    "sequence" : [
      {
        "ocs:obsConditions:WaterVapor" : "100",
        "instrument:mosPreimaging" : "No",
        "instrument:version" : "2009A-1",
        "instrument:port" : "side-looking",
        "instrument:gainSetting" : "2",
        "instrument:useNS" : "false",
        "telescope:version" : "2009B-1",
        "instrument:fpu" : "None",
        "ocs:obsConditions:ImageQuality" : "70",
        "instrument:observingWavelength" : "0.630",
        "instrument:gainChoice" : "Low",
        "observe:object" : "2000 SY178",
        "instrument:posAngle" : "0.0",
        "instrument:exposureTime" : "300.0",
        "telescope:Base:name" : "2000 SY178",
        "telescope:guideWithPWFS1" : "park",
        "metadata:stepcount" : "1",
        "instrument:disperserOrder" : "1",
        "ocs:observationId" : "GN-2018B-FT-206-4",
        "instrument:ampReadMode" : "Slow",
        "instrument:stageMode" : "Follow in XY",
        "ocs:obsConditions:SkyBackground" : "50",
        "instrument:dtaXOffset" : "0",
        "instrument:fpuMode" : "Builtin",
        "instrument:ampCount" : "Twelve",
        "observe:observeType" : "OBJECT",
        "metadata:spnodekey" : "679b60ca-945e-4894-b40a-67a51ec4a498",
        "instrument:disperserLambda" : "550.0",
        "observe:dataLabel" : "GN-2018B-FT-206-4-001",
        "instrument:ccdYBinning" : "2",
        "observe:headerVisibility" : "PUBLIC",
        "telescope:guideWithPWFS2" : "guide",
        "instrument:adc" : "No Correction",
        "smartgcal:maperror" : "false",
        "observe:proprietaryMonths" : "6",
        "instrument:ccdXBinning" : "2",
        "instrument:builtinROI" : "Full Frame Readout",
        "instrument:filter" : "r_G0303",
        "observe:exposureTime" : "300.0",
        "observe:class" : "science",
        "observe:status" : "ready",
        "instrument:disperser" : "Mirror",
        "telescope:guideWithOIWFS" : "park",
        "observe:sciBand" : "2",
        "ocs:obsConditions:CloudCover" : "50",
        "totalTime" : 334300,
        "instrument:detectorManufacturer" : "HAMAMATSU",
        "metadata:complete" : "false",
        "smartgcal:keyProvider" : "edu.gemini.spModel.gemini.gmos.InstGmosNorth@13814acd",
        "ocs:programId" : "GN-2018B-FT-206",
        "instrument:instrument" : "GMOS-N"
      },
      {
        "ocs:obsConditions:WaterVapor" : "100",
        "instrument:mosPreimaging" : "No",
        "instrument:version" : "2009A-1",
        "instrument:port" : "side-looking",
        "instrument:gainSetting" : "2",
        "instrument:useNS" : "false",
        "telescope:version" : "2009B-1",
        "instrument:fpu" : "None",
        "ocs:obsConditions:ImageQuality" : "70",
        "instrument:observingWavelength" : "0.630",
        "instrument:gainChoice" : "Low",
        "observe:object" : "2000 SY178",
        "instrument:posAngle" : "0.0",
        "instrument:exposureTime" : "300.0",
        "telescope:Base:name" : "2000 SY178",
        "telescope:guideWithPWFS1" : "park",
        "metadata:stepcount" : "2",
        "instrument:disperserOrder" : "1",
        "ocs:observationId" : "GN-2018B-FT-206-4",
        "instrument:ampReadMode" : "Slow",
        "instrument:stageMode" : "Follow in XY",
        "ocs:obsConditions:SkyBackground" : "50",
        "instrument:dtaXOffset" : "0",
        "instrument:fpuMode" : "Builtin",
        "instrument:ampCount" : "Twelve",
        "observe:observeType" : "OBJECT",
        "metadata:spnodekey" : "679b60ca-945e-4894-b40a-67a51ec4a498",
        "instrument:disperserLambda" : "550.0",
        "observe:dataLabel" : "GN-2018B-FT-206-4-002",
        "instrument:ccdYBinning" : "2",
        "observe:headerVisibility" : "PUBLIC",
        "telescope:guideWithPWFS2" : "guide",
        "instrument:adc" : "No Correction",
        "smartgcal:maperror" : "false",
        "observe:proprietaryMonths" : "6",
        "instrument:ccdXBinning" : "2",
        "instrument:builtinROI" : "Full Frame Readout",
        "instrument:filter" : "r_G0303",
        "observe:exposureTime" : "300.0",
        "observe:class" : "science",
        "observe:status" : "ready",
        "instrument:disperser" : "Mirror",
        "telescope:guideWithOIWFS" : "park",
        "observe:sciBand" : "2",
        "ocs:obsConditions:CloudCover" : "50",
        "totalTime" : 334300,
        "instrument:detectorManufacturer" : "HAMAMATSU",
        "metadata:complete" : "false",
        "smartgcal:keyProvider" : "edu.gemini.spModel.gemini.gmos.InstGmosNorth@13814acd",
        "ocs:programId" : "GN-2018B-FT-206",
        "instrument:instrument" : "GMOS-N"
      }
    ],
    "tooOverrideRapid" : false,
    "obsClass" : "science",
    "title" : "Asteroid62412c",
    "qaState" : "UNDEFINED",
    "phase2Status" : "Inactive"
  },
  "tooType" : "None",
  "isThesis" : false,
  "piEmail" : "sheppard@dtm.ciw.edu",
  "INFO_NOTE-2" : {
    "title" : "PhaseII FIlling",
    "text" : "Under allocation by 10min, execute all science observations.",
    "key" : "220e85c6-b4b0-4468-a72a-ba68069849a9"
  },
  "INFO_PROGRAMNOTE-4" : {
    "title" : "Cycle: Oct-Nov-Dec; PI did not set up observations",
    "text" : "PI was prompted several time about setting up observations but did not respond. Sandy Jan 3",
    "key" : "ffd6b04a-3681-4252-aa34-9dfba986eedf"
  },
  "key" : "5ade6b6c-4ba3-4511-af8d-aacaae2b890a",
  "OBSERVATION_BASIC-8" : {
    "SCHEDULING_CONDITIONS-0" : {
      "elevationConstraintType" : "None",
      "timingWindows" : [
        {
          "start" : 1541428200000,
          "duration" : 1303200000,
          "period" : 0,
          "repeat" : 0
        }
      ],
      "wv" : "Any",
      "key" : "cfb13631-4546-4112-a774-67e3c6cded61",
      "sb" : "50%/Dark",
      "elevationConstraintMin" : 0.0,
      "elevationConstraintMax" : 0.0,
      "cc" : "70%/Cirrus",
      "iq" : "85%/Poor"
    },
    "priority" : "High",
    "setupTime" : 360000,
    "TELESCOPE_TARGETENV-1" : {
      "userTargets" : [],
      "primaryIndex" : 0,
      "base" : {
        "des" : "2000 SY178",
        "name" : "2000 SY178",
        "nonsiderealObjectType" : "ASTEROID",
        "tag" : "nonsidereal",
        "magnitudes" : [
          {
            "name" : "r",
            "value" : 20.0,
            "system" : "AB"
          }
        ],
        "horizonsQuery" : "ASTNAM=2000 SY178",
        "type" : "Base"
      },
      "key" : "6ab11fa1-73fe-408d-8498-10a6c5e7e88c",
      "guideGroups" : [
        {
          "name" : "auto",
          "tag" : "auto",
          "primaryGroup" : true,
          "guideProbe" : [
            {
              "guideProbeKey" : "PWFS2",
              "target" : {
                "name" : "505-052534",
                "epoch" : 2000.0,
                "tag" : "sidereal",
                "deltara" : -24.6,
                "deltadec" : 8.8,
                "ra" : "10:25:32.524",
                "magnitudes" : [
                  {
                    "name" : "B",
                    "value" : 13.468,
                    "system" : "Vega"
                  },
                  {
                    "name" : "g",
                    "value" : 13.139,
                    "system" : "AB"
                  },
                  {
                    "name" : "V",
                    "value" : 12.939,
                    "system" : "Vega"
                  },
                  {
                    "name" : "UC",
                    "value" : 12.866,
                    "system" : "Vega"
                  },
                  {
                    "name" : "r",
                    "value" : 12.774,
                    "system" : "AB"
                  },
                  {
                    "name" : "i",
                    "value" : 12.587,
                    "system" : "AB"
                  },
                  {
                    "name" : "J",
                    "value" : 11.782,
                    "system" : "Vega"
                  },
                  {
                    "name" : "H",
                    "value" : 11.477,
                    "system" : "Vega"
                  },
                  {
                    "name" : "K",
                    "value" : 11.458,
                    "system" : "Vega"
                  }
                ],
                "type" : "GuideStar",
                "dec" : "10:59:56.62"
              }
            }
          ]
        }
      ]
    },
    "obsLog" : [
      {
        "qaState" : "Pass",
        "filename" : "N20181110S0280",
        "label" : "GN-2018B-FT-206-3-001"
      },
      {
        "qaState" : "Pass",
        "filename" : "N20181110S0281",
        "label" : "GN-2018B-FT-206-3-002"
      }
    ],
    "setupTimeType" : "FULL",
    "obsStatus" : "OBSERVED",
    "observationId" : "GN-2018B-FT-206-3",
    "key" : "f4cd977f-ff32-404a-8f7a-915c8f9294ca",
    "sequence" : [
      {
        "ocs:obsConditions:TimingWindowRepeat0" : "0",
        "ocs:obsConditions:WaterVapor" : "100",
        "instrument:mosPreimaging" : "No",
        "instrument:version" : "2009A-1",
        "instrument:port" : "side-looking",
        "instrument:gainSetting" : "2",
        "instrument:useNS" : "false",
        "telescope:version" : "2009B-1",
        "instrument:fpu" : "None",
        "ocs:obsConditions:TimingWindowPeriod0" : "0",
        "ocs:obsConditions:ImageQuality" : "85",
        "instrument:observingWavelength" : "0.630",
        "instrument:gainChoice" : "Low",
        "observe:object" : "2000 SY178",
        "instrument:posAngle" : "0.0",
        "instrument:exposureTime" : "390.0",
        "telescope:Base:name" : "2000 SY178",
        "telescope:guideWithPWFS1" : "park",
        "metadata:stepcount" : "1",
        "instrument:disperserOrder" : "1",
        "ocs:obsConditions:TimingWindowStart0" : "1541428200000",
        "ocs:observationId" : "GN-2018B-FT-206-3",
        "instrument:ampReadMode" : "Slow",
        "instrument:stageMode" : "Follow in XY",
        "ocs:obsConditions:TimingWindowDuration0" : "1303200000",
        "ocs:obsConditions:SkyBackground" : "50",
        "instrument:dtaXOffset" : "0",
        "instrument:fpuMode" : "Builtin",
        "instrument:ampCount" : "Twelve",
        "observe:observeType" : "OBJECT",
        "metadata:spnodekey" : "8f4f2f3f-2b66-4a3b-a9a7-da5f96aa1dd9",
        "instrument:disperserLambda" : "550.0",
        "observe:dataLabel" : "GN-2018B-FT-206-3-001",
        "instrument:ccdYBinning" : "2",
        "observe:headerVisibility" : "PUBLIC",
        "telescope:guideWithPWFS2" : "guide",
        "instrument:adc" : "No Correction",
        "smartgcal:maperror" : "false",
        "observe:proprietaryMonths" : "6",
        "instrument:ccdXBinning" : "2",
        "instrument:builtinROI" : "Full Frame Readout",
        "instrument:filter" : "r_G0303",
        "observe:exposureTime" : "390.0",
        "observe:class" : "science",
        "observe:status" : "complete",
        "instrument:disperser" : "Mirror",
        "telescope:guideWithOIWFS" : "park",
        "observe:sciBand" : "2",
        "ocs:obsConditions:CloudCover" : "70",
        "totalTime" : 424300,
        "instrument:detectorManufacturer" : "HAMAMATSU",
        "metadata:complete" : "true",
        "smartgcal:keyProvider" : "edu.gemini.spModel.gemini.gmos.InstGmosNorth@1cca21db",
        "ocs:programId" : "GN-2018B-FT-206",
        "instrument:instrument" : "GMOS-N"
      },
      {
        "ocs:obsConditions:TimingWindowRepeat0" : "0",
        "ocs:obsConditions:WaterVapor" : "100",
        "instrument:mosPreimaging" : "No",
        "instrument:version" : "2009A-1",
        "instrument:port" : "side-looking",
        "instrument:gainSetting" : "2",
        "instrument:useNS" : "false",
        "telescope:version" : "2009B-1",
        "instrument:fpu" : "None",
        "ocs:obsConditions:TimingWindowPeriod0" : "0",
        "ocs:obsConditions:ImageQuality" : "85",
        "instrument:observingWavelength" : "0.630",
        "instrument:gainChoice" : "Low",
        "observe:object" : "2000 SY178",
        "instrument:posAngle" : "0.0",
        "instrument:exposureTime" : "390.0",
        "telescope:Base:name" : "2000 SY178",
        "telescope:guideWithPWFS1" : "park",
        "metadata:stepcount" : "2",
        "instrument:disperserOrder" : "1",
        "ocs:obsConditions:TimingWindowStart0" : "1541428200000",
        "ocs:observationId" : "GN-2018B-FT-206-3",
        "instrument:ampReadMode" : "Slow",
        "instrument:stageMode" : "Follow in XY",
        "ocs:obsConditions:TimingWindowDuration0" : "1303200000",
        "ocs:obsConditions:SkyBackground" : "50",
        "instrument:dtaXOffset" : "0",
        "instrument:fpuMode" : "Builtin",
        "instrument:ampCount" : "Twelve",
        "observe:observeType" : "OBJECT",
        "metadata:spnodekey" : "8f4f2f3f-2b66-4a3b-a9a7-da5f96aa1dd9",
        "instrument:disperserLambda" : "550.0",
        "observe:dataLabel" : "GN-2018B-FT-206-3-002",
        "instrument:ccdYBinning" : "2",
        "observe:headerVisibility" : "PUBLIC",
        "telescope:guideWithPWFS2" : "guide",
        "instrument:adc" : "No Correction",
        "smartgcal:maperror" : "false",
        "observe:proprietaryMonths" : "6",
        "instrument:ccdXBinning" : "2",
        "instrument:builtinROI" : "Full Frame Readout",
        "instrument:filter" : "r_G0303",
        "observe:exposureTime" : "390.0",
        "observe:class" : "science",
        "observe:status" : "complete",
        "instrument:disperser" : "Mirror",
        "telescope:guideWithOIWFS" : "park",
        "observe:sciBand" : "2",
        "ocs:obsConditions:CloudCover" : "70",
        "totalTime" : 424300,
        "instrument:detectorManufacturer" : "HAMAMATSU",
        "metadata:complete" : "true",
        "smartgcal:keyProvider" : "edu.gemini.spModel.gemini.gmos.InstGmosNorth@1cca21db",
        "ocs:programId" : "GN-2018B-FT-206",
        "instrument:instrument" : "GMOS-N"
      }
    ],
    "tooOverrideRapid" : false,
    "obsClass" : "science",
    "title" : "Asteroid62412b",
    "qaState" : "PASS",
    "phase2Status" : "Prepared"
  },
  "programMode" : "Queue",
  "INFO_NOTE-1" : {
    "title" : "Cycle: Oct-Nov-Dec",
    "text" : "\n   This asteroid is to be observed every 3 weeks or so starting October 1st.\n\n  Getting the first observation in October is the most important as we are looking to see when this asteroid turns into a comet by showing a tail.  The asteroid we be at perihelion in early November and getting a first observation before perihelion is important too see if the activity begins before or after perihelion.\n\n    Each visit every few weeks should take less than 20 minutes.  All that is needed are two consecutive 300 second images in the r-band.  No dithering should be done and images should be obtained at non-sidereal rates.\n\n",
    "key" : "55185db1-f8eb-4269-8a17-5ca1d61ce72e"
  },
  "piLastName" : "Sheppard",
  "timeAccountAllocationCategories" : [
    {
      "awardedProgramTime" : 4680000,
      "usedProgramTime" : 0,
      "usedPartnerTime" : 0,
      "awardedPartnerTime" : 0,
      "category" : "United States"
    }
  ],
  "programId" : "GN-2018B-FT-206",
  "queueBand" : "2",
  "rolloverFlag" : false,
  "awardedTime" : 4680000,
  "INFO_NOTE-0" : {
    "title" : "COMPLETING PHASE II",
    "text" : "\nThis initial Phase II program contains information including PI and support information, target lists, conditions constraints, and template observations based on the Phase I observing modes and resources. Following the technical assessment and ITAC queue-merging processes, some of your Phase I targets may have been deactivated, the total time adjusted, and/or observing condition constraints relaxed in order for your program to be scheduled in the queue band consistent with your ranking. The configuration information from the proposal has been added to template observations. Templates groups for science observations are found in the new Templates folder.  There is one template group for each requested configuration. Phase I targets with their associated conditions and total times are viewed by clicking on the template group node. Baseline calibration observations may be included in a separate \"Baseline\" folder.\n\nThe Phase I proposal itself is no longer incorporated into the Phase II program, but the proposal document, PDF attachment, and PDF summary can be downloaded from the File Attachment tab on the top level program overview.\n\nPIs of Target of Opportunity (ToO) programs should consult with their NGO and Gemini contact scientists.\n\nThe recommended process for non-ToO programs is as follows:\n\n1. FETCH THE EXAMPLE OT LIBRARIES since they contain additional examples and useful information such as lists of standard stars. Libraries should first be updated by selecting \"Fetch Libraries\" from the File menu. Thereafter they can be viewed by clicking on the Libraries button in the toolbar.\n\n2. UPDATE THE TEMPLATE OBSERVATIONS with the settings and sequence that will be applied to all targets in the group.  This can include setting central wavelengths and individual exposure times and changing the acquisition strategy. If different configurations are needed for different groups of targets, a template group can be split and a subset of the targets can be assigned to each group.\n\n3. APPLY THE TEMPLATES TO TARGETS AND CONDITIONS. It is possible to apply the templates to a subset of targets. New draft observations will be generated with target and conditions components added.\n\n4. MAKE TARGET-SPECIFIC CHANGES to the new draft observations. These changes may include setting the position angle, selecting guide stars, selecting telluric standards, etc. Don't forget to check that your guide stars are of sufficient brightness and are accessible at your specified orientations. Guide stars can be selected automatically using the \"Auto GS\" buttons.\n\n5. SET THE OBSERVATION STATUS TO \"For Review\" AND SYNC your observations by clicking the Sync button in the toolbar or by selecting \"Sync changes...\" from the File menu. Your NGO contact will check the observations and make any recommendations.\n\nWe recommend that you complete all the observations for a single target and have them checked by your NGO contact before working on the remaining targets. We also recommend that where possible you make changes by updating the templates and then reapplying them to the targets. This will reduce the burden of making the same change to multiple observations.\n\nPIs who intend to copy observations from programs in previous semesters should also consult the current OT libraries to ensure that the configurations are up to date. You update the libraries by selecting \"Fetch Libraries...\" from the OT File menu. We also recommend that you replace any \"Manual Arc\" and \"Manual Flat\" nodes with the automatic Flat and Arc observation nodes to ensure that the observations will use the correct settings.\n\nDetailed information about the OT, instruments, the Phase II process, specific dates and instructions for the current and upcoming semesters, and tutorials can be found on the Gemini web site (goto www.gemini.edu/sciops). When online you can access the OT help page by selecting \"OT Help\" from the Help menu above. Review the Phase II keeping in mind any special instructions on the web pages.\n\nIf you have any additional questions please submit a HelpDesk query at\n\n  http://www.gemini.edu/sciops/helpdesk/\n    ",
    "key" : "01161eb2-166f-4aa3-9a88-a4dfe8ccaef6"
  },
  "OBSERVATION_BASIC-10" : {
    "SCHEDULING_CONDITIONS-0" : {
      "elevationConstraintType" : "None",
      "timingWindows" : [],
      "wv" : "Any",
      "key" : "d218f967-487f-4be6-9174-6c4e8a04f00d",
      "sb" : "50%/Dark",
      "elevationConstraintMin" : 0.0,
      "elevationConstraintMax" : 0.0,
      "cc" : "50%/Clear",
      "iq" : "70%/Good"
    },
    "priority" : "High",
    "setupTime" : 360000,
    "TELESCOPE_TARGETENV-1" : {
      "userTargets" : [],
      "primaryIndex" : 0,
      "base" : {
        "des" : "2000 SY178",
        "name" : "2000 SY178",
        "nonsiderealObjectType" : "ASTEROID",
        "tag" : "nonsidereal",
        "magnitudes" : [
          {
            "name" : "r",
            "value" : 20.0,
            "system" : "AB"
          }
        ],
        "horizonsQuery" : "ASTNAM=2000 SY178",
        "type" : "Base"
      },
      "key" : "4abadbc1-0737-4516-b577-d0fb8317b944",
      "guideGroups" : [
        {
          "name" : "auto",
          "tag" : "auto",
          "primaryGroup" : true,
          "guideProbe" : [
            {
              "guideProbeKey" : "PWFS2",
              "target" : {
                "name" : "531-049172",
                "epoch" : 2000.0,
                "tag" : "sidereal",
                "deltara" : -2.1,
                "deltadec" : -3.3,
                "ra" : "09:35:47.369",
                "magnitudes" : [
                  {
                    "name" : "B",
                    "value" : 13.974,
                    "system" : "Vega"
                  },
                  {
                    "name" : "g",
                    "value" : 13.602,
                    "system" : "AB"
                  },
                  {
                    "name" : "V",
                    "value" : 13.364,
                    "system" : "Vega"
                  },
                  {
                    "name" : "UC",
                    "value" : 13.289,
                    "system" : "Vega"
                  },
                  {
                    "name" : "r",
                    "value" : 13.164,
                    "system" : "AB"
                  },
                  {
                    "name" : "i",
                    "value" : 13.048,
                    "system" : "AB"
                  },
                  {
                    "name" : "J",
                    "value" : 12.09,
                    "system" : "Vega"
                  },
                  {
                    "name" : "H",
                    "value" : 11.718,
                    "system" : "Vega"
                  },
                  {
                    "name" : "K",
                    "value" : 11.629,
                    "system" : "Vega"
                  }
                ],
                "type" : "GuideStar",
                "dec" : "16:00:24.23"
              }
            }
          ]
        }
      ]
    },
    "obsLog" : [],
    "setupTimeType" : "FULL",
    "obsStatus" : "INACTIVE",
    "observationId" : "GN-2018B-FT-206-5",
    "key" : "5b4b148a-30d0-4cbf-9099-e6caa016e94e",
    "sequence" : [
      {
        "ocs:obsConditions:WaterVapor" : "100",
        "instrument:mosPreimaging" : "No",
        "instrument:version" : "2009A-1",
        "instrument:port" : "side-looking",
        "instrument:gainSetting" : "2",
        "instrument:useNS" : "false",
        "telescope:version" : "2009B-1",
        "instrument:fpu" : "None",
        "ocs:obsConditions:ImageQuality" : "70",
        "instrument:observingWavelength" : "0.630",
        "instrument:gainChoice" : "Low",
        "observe:object" : "2000 SY178",
        "instrument:posAngle" : "0.0",
        "instrument:exposureTime" : "300.0",
        "telescope:Base:name" : "2000 SY178",
        "telescope:guideWithPWFS1" : "park",
        "metadata:stepcount" : "1",
        "instrument:disperserOrder" : "1",
        "ocs:observationId" : "GN-2018B-FT-206-5",
        "instrument:ampReadMode" : "Slow",
        "instrument:stageMode" : "Follow in XY",
        "ocs:obsConditions:SkyBackground" : "50",
        "instrument:dtaXOffset" : "0",
        "instrument:fpuMode" : "Builtin",
        "instrument:ampCount" : "Twelve",
        "observe:observeType" : "OBJECT",
        "metadata:spnodekey" : "fdfeb9d8-05e1-4c49-9f87-b19555b060b2",
        "instrument:disperserLambda" : "550.0",
        "observe:dataLabel" : "GN-2018B-FT-206-5-001",
        "instrument:ccdYBinning" : "2",
        "observe:headerVisibility" : "PUBLIC",
        "telescope:guideWithPWFS2" : "guide",
        "instrument:adc" : "No Correction",
        "smartgcal:maperror" : "false",
        "observe:proprietaryMonths" : "6",
        "instrument:ccdXBinning" : "2",
        "instrument:builtinROI" : "Full Frame Readout",
        "instrument:filter" : "r_G0303",
        "observe:exposureTime" : "300.0",
        "observe:class" : "science",
        "observe:status" : "ready",
        "instrument:disperser" : "Mirror",
        "telescope:guideWithOIWFS" : "park",
        "observe:sciBand" : "2",
        "ocs:obsConditions:CloudCover" : "50",
        "totalTime" : 334300,
        "instrument:detectorManufacturer" : "HAMAMATSU",
        "metadata:complete" : "false",
        "smartgcal:keyProvider" : "edu.gemini.spModel.gemini.gmos.InstGmosNorth@14472235",
        "ocs:programId" : "GN-2018B-FT-206",
        "instrument:instrument" : "GMOS-N"
      },
      {
        "ocs:obsConditions:WaterVapor" : "100",
        "instrument:mosPreimaging" : "No",
        "instrument:version" : "2009A-1",
        "instrument:port" : "side-looking",
        "instrument:gainSetting" : "2",
        "instrument:useNS" : "false",
        "telescope:version" : "2009B-1",
        "instrument:fpu" : "None",
        "ocs:obsConditions:ImageQuality" : "70",
        "instrument:observingWavelength" : "0.630",
        "instrument:gainChoice" : "Low",
        "observe:object" : "2000 SY178",
        "instrument:posAngle" : "0.0",
        "instrument:exposureTime" : "300.0",
        "telescope:Base:name" : "2000 SY178",
        "telescope:guideWithPWFS1" : "park",
        "metadata:stepcount" : "2",
        "instrument:disperserOrder" : "1",
        "ocs:observationId" : "GN-2018B-FT-206-5",
        "instrument:ampReadMode" : "Slow",
        "instrument:stageMode" : "Follow in XY",
        "ocs:obsConditions:SkyBackground" : "50",
        "instrument:dtaXOffset" : "0",
        "instrument:fpuMode" : "Builtin",
        "instrument:ampCount" : "Twelve",
        "observe:observeType" : "OBJECT",
        "metadata:spnodekey" : "fdfeb9d8-05e1-4c49-9f87-b19555b060b2",
        "instrument:disperserLambda" : "550.0",
        "observe:dataLabel" : "GN-2018B-FT-206-5-002",
        "instrument:ccdYBinning" : "2",
        "observe:headerVisibility" : "PUBLIC",
        "telescope:guideWithPWFS2" : "guide",
        "instrument:adc" : "No Correction",
        "smartgcal:maperror" : "false",
        "observe:proprietaryMonths" : "6",
        "instrument:ccdXBinning" : "2",
        "instrument:builtinROI" : "Full Frame Readout",
        "instrument:filter" : "r_G0303",
        "observe:exposureTime" : "300.0",
        "observe:class" : "science",
        "observe:status" : "ready",
        "instrument:disperser" : "Mirror",
        "telescope:guideWithOIWFS" : "park",
        "observe:sciBand" : "2",
        "ocs:obsConditions:CloudCover" : "50",
        "totalTime" : 334300,
        "instrument:detectorManufacturer" : "HAMAMATSU",
        "metadata:complete" : "false",
        "smartgcal:keyProvider" : "edu.gemini.spModel.gemini.gmos.InstGmosNorth@14472235",
        "ocs:programId" : "GN-2018B-FT-206",
        "instrument:instrument" : "GMOS-N"
      }
    ],
    "tooOverrideRapid" : false,
    "obsClass" : "science",
    "title" : "Asteroid62412d",
    "qaState" : "UNDEFINED",
    "phase2Status" : "Inactive"
  },
  "OBSERVATION_BASIC-7" : {
    "SCHEDULING_CONDITIONS-0" : {
      "elevationConstraintType" : "None",
      "timingWindows" : [
        {
          "start" : 1538699024000,
          "duration" : 1555200000,
          "period" : 0,
          "repeat" : 0
        }
      ],
      "wv" : "Any",
      "key" : "14ba9e01-c920-4e42-9b69-9183cdddca39",
      "sb" : "50%/Dark",
      "elevationConstraintMin" : 0.0,
      "elevationConstraintMax" : 0.0,
      "cc" : "70%/Cirrus",
      "iq" : "85%/Poor"
    },
    "priority" : "High",
    "setupTime" : 360000,
    "TELESCOPE_TARGETENV-1" : {
      "userTargets" : [],
      "primaryIndex" : 0,
      "base" : {
        "des" : "2000 SY178",
        "name" : "2000 SY178",
        "nonsiderealObjectType" : "ASTEROID",
        "tag" : "nonsidereal",
        "magnitudes" : [
          {
            "name" : "r",
            "value" : 20.0,
            "system" : "AB"
          }
        ],
        "horizonsQuery" : "ASTNAM=2000 SY178",
        "type" : "Base"
      },
      "key" : "0af2abe2-e822-4db4-b9c8-d0bed050b71a",
      "guideGroups" : [
        {
          "name" : "auto",
          "tag" : "auto",
          "primaryGroup" : true,
          "guideProbe" : [
            {
              "guideProbeKey" : "PWFS2",
              "target" : {
                "name" : "522-049143",
                "epoch" : 2000.0,
                "tag" : "sidereal",
                "deltara" : -2.9,
                "deltadec" : -5.6,
                "ra" : "09:53:40.084",
                "magnitudes" : [
                  {
                    "name" : "B",
                    "value" : 12.483,
                    "system" : "Vega"
                  },
                  {
                    "name" : "g",
                    "value" : 12.124,
                    "system" : "AB"
                  },
                  {
                    "name" : "V",
                    "value" : 11.909,
                    "system" : "Vega"
                  },
                  {
                    "name" : "UC",
                    "value" : 11.998,
                    "system" : "Vega"
                  },
                  {
                    "name" : "r",
                    "value" : 11.76,
                    "system" : "AB"
                  },
                  {
                    "name" : "i",
                    "value" : 11.611,
                    "system" : "AB"
                  },
                  {
                    "name" : "J",
                    "value" : 10.753,
                    "system" : "Vega"
                  },
                  {
                    "name" : "H",
                    "value" : 10.489,
                    "system" : "Vega"
                  },
                  {
                    "name" : "K",
                    "value" : 10.415,
                    "system" : "Vega"
                  }
                ],
                "type" : "GuideStar",
                "dec" : "14:22:56.04"
              }
            }
          ]
        }
      ]
    },
    "obsLog" : [],
    "setupTimeType" : "FULL",
    "obsStatus" : "INACTIVE",
    "observationId" : "GN-2018B-FT-206-2",
    "key" : "60be4320-e09b-4e33-9beb-a2d0d391543d",
    "sequence" : [
      {
        "ocs:obsConditions:TimingWindowRepeat0" : "0",
        "ocs:obsConditions:WaterVapor" : "100",
        "instrument:mosPreimaging" : "No",
        "instrument:version" : "2009A-1",
        "instrument:port" : "side-looking",
        "instrument:gainSetting" : "2",
        "instrument:useNS" : "false",
        "telescope:version" : "2009B-1",
        "instrument:fpu" : "None",
        "ocs:obsConditions:TimingWindowPeriod0" : "0",
        "ocs:obsConditions:ImageQuality" : "85",
        "instrument:observingWavelength" : "0.630",
        "instrument:gainChoice" : "Low",
        "observe:object" : "2000 SY178",
        "instrument:posAngle" : "0.0",
        "instrument:exposureTime" : "300.0",
        "telescope:Base:name" : "2000 SY178",
        "telescope:guideWithPWFS1" : "park",
        "metadata:stepcount" : "1",
        "instrument:disperserOrder" : "1",
        "ocs:obsConditions:TimingWindowStart0" : "1538699024000",
        "ocs:observationId" : "GN-2018B-FT-206-2",
        "instrument:ampReadMode" : "Slow",
        "instrument:stageMode" : "Follow in XY",
        "ocs:obsConditions:TimingWindowDuration0" : "1555200000",
        "ocs:obsConditions:SkyBackground" : "50",
        "instrument:dtaXOffset" : "0",
        "instrument:fpuMode" : "Builtin",
        "instrument:ampCount" : "Twelve",
        "observe:observeType" : "OBJECT",
        "metadata:spnodekey" : "cf2b9339-154f-4750-9afb-71fcf24d71da",
        "instrument:disperserLambda" : "550.0",
        "observe:dataLabel" : "GN-2018B-FT-206-2-001",
        "instrument:ccdYBinning" : "2",
        "observe:headerVisibility" : "PUBLIC",
        "telescope:guideWithPWFS2" : "guide",
        "instrument:adc" : "No Correction",
        "smartgcal:maperror" : "false",
        "observe:proprietaryMonths" : "6",
        "instrument:ccdXBinning" : "2",
        "instrument:builtinROI" : "Full Frame Readout",
        "instrument:filter" : "r_G0303",
        "observe:exposureTime" : "300.0",
        "observe:class" : "science",
        "observe:status" : "ready",
        "instrument:disperser" : "Mirror",
        "telescope:guideWithOIWFS" : "park",
        "observe:sciBand" : "2",
        "ocs:obsConditions:CloudCover" : "70",
        "totalTime" : 334300,
        "instrument:detectorManufacturer" : "HAMAMATSU",
        "metadata:complete" : "false",
        "smartgcal:keyProvider" : "edu.gemini.spModel.gemini.gmos.InstGmosNorth@7f6dff37",
        "ocs:programId" : "GN-2018B-FT-206",
        "instrument:instrument" : "GMOS-N"
      },
      {
        "ocs:obsConditions:TimingWindowRepeat0" : "0",
        "ocs:obsConditions:WaterVapor" : "100",
        "instrument:mosPreimaging" : "No",
        "instrument:version" : "2009A-1",
        "instrument:port" : "side-looking",
        "instrument:gainSetting" : "2",
        "instrument:useNS" : "false",
        "telescope:version" : "2009B-1",
        "instrument:fpu" : "None",
        "ocs:obsConditions:TimingWindowPeriod0" : "0",
        "ocs:obsConditions:ImageQuality" : "85",
        "instrument:observingWavelength" : "0.630",
        "instrument:gainChoice" : "Low",
        "observe:object" : "2000 SY178",
        "instrument:posAngle" : "0.0",
        "instrument:exposureTime" : "300.0",
        "telescope:Base:name" : "2000 SY178",
        "telescope:guideWithPWFS1" : "park",
        "metadata:stepcount" : "2",
        "instrument:disperserOrder" : "1",
        "ocs:obsConditions:TimingWindowStart0" : "1538699024000",
        "ocs:observationId" : "GN-2018B-FT-206-2",
        "instrument:ampReadMode" : "Slow",
        "instrument:stageMode" : "Follow in XY",
        "ocs:obsConditions:TimingWindowDuration0" : "1555200000",
        "ocs:obsConditions:SkyBackground" : "50",
        "instrument:dtaXOffset" : "0",
        "instrument:fpuMode" : "Builtin",
        "instrument:ampCount" : "Twelve",
        "observe:observeType" : "OBJECT",
        "metadata:spnodekey" : "cf2b9339-154f-4750-9afb-71fcf24d71da",
        "instrument:disperserLambda" : "550.0",
        "observe:dataLabel" : "GN-2018B-FT-206-2-002",
        "instrument:ccdYBinning" : "2",
        "observe:headerVisibility" : "PUBLIC",
        "telescope:guideWithPWFS2" : "guide",
        "instrument:adc" : "No Correction",
        "smartgcal:maperror" : "false",
        "observe:proprietaryMonths" : "6",
        "instrument:ccdXBinning" : "2",
        "instrument:builtinROI" : "Full Frame Readout",
        "instrument:filter" : "r_G0303",
        "observe:exposureTime" : "300.0",
        "observe:class" : "science",
        "observe:status" : "ready",
        "instrument:disperser" : "Mirror",
        "telescope:guideWithOIWFS" : "park",
        "observe:sciBand" : "2",
        "ocs:obsConditions:CloudCover" : "70",
        "totalTime" : 334300,
        "instrument:detectorManufacturer" : "HAMAMATSU",
        "metadata:complete" : "false",
        "smartgcal:keyProvider" : "edu.gemini.spModel.gemini.gmos.InstGmosNorth@7f6dff37",
        "ocs:programId" : "GN-2018B-FT-206",
        "instrument:instrument" : "GMOS-N"
      }
    ],
    "tooOverrideRapid" : false,
    "obsClass" : "science",
    "title" : "Asteroid62412a",
    "qaState" : "UNDEFINED",
    "phase2Status" : "Inactive"
  },
  "INFO_NOTE-5" : {
    "title" : "ATOM",
    "text" : "Full sequence",
    "key" : "01fea470-cf3f-4d90-b061-27c2f5f3e44f"
  },
  "investigators" : [],
  "affiliate" : "United States",
  "piFirstName" : "Scott"
}}