{"PROGRAM_BASIC" : {
  "tooType" : "None",
  "isThesis" : true,
  "piEmail" : "achene@gemini.edu, kruszynskakat@gmail.com",
  "INFO_NOTE-2" : {
    "title" : "ATOM",
    "text" : "1 sci + 1 flat at same wavelength",
    "key" : "c8618b61-8548-4584-ac35-4acf77b49748"
  },
  "key" : "bd800fdd-fc48-41e0-bc6c-594708ad365d",
  "programMode" : "Queue",
  "GROUP_GROUP_FOLDER-4" : {
    "name" : "Baseline: GMOS-N LongSlit R400_G5305 None Longslit 0.50 arcsec",
    "OBSERVATION_BASIC-0" : {
      "priority" : "Low",
      "setupTime" : 960000,
      "obsLog" : [],
      "TELESCOPE_TARGETENV-0" : {
        "userTargets" : [],
        "primaryIndex" : 0,
        "base" : {
          "name" : "CuAr",
          "tag" : "sidereal",
          "ra" : "00:00:00.000",
          "magnitudes" : [],
          "type" : "Base",
          "dec" : "00:00:00.00"
        },
        "key" : "15ad50ea-6668-4220-b501-5215d8dc55ca",
        "guideGroups" : [
          {
            "name" : "auto",
            "tag" : "auto",
            "primaryGroup" : true,
            "guideProbe" : []
          }
        ]
      },
      "setupTimeType" : "FULL",
      "obsStatus" : "READY",
      "observationId" : "GN-2018A-Q-402-3",
      "key" : "6f4f095d-ddb4-40ef-9af4-be8611cb79cd",
      "sequence" : [
        {
          "ocs:obsConditions:WaterVapor" : "100",
          "instrument:mosPreimaging" : "No",
          "instrument:version" : "2009A-1",
          "calibration:exposureTime" : "22.0",
          "instrument:port" : "side-looking",
          "instrument:gainSetting" : "6",
          "instrument:useNS" : "false",
          "telescope:version" : "2009B-1",
          "instrument:fpu" : "Longslit 0.50 arcsec",
          "calibration:basecalDay" : "true",
          "ocs:obsConditions:ImageQuality" : "100",
          "calibration:basecalNight" : "false",
          "instrument:observingWavelength" : "0.520",
          "instrument:gainChoice" : "Low",
          "calibration:coadds" : "1",
          "observe:object" : "CuAr",
          "instrument:posAngle" : "90.0",
          "calibration:diffuser" : "visible",
          "instrument:exposureTime" : "25.0",
          "telescope:Base:name" : "CuAr",
          "telescope:guideWithPWFS1" : "park",
          "metadata:stepcount" : "1",
          "instrument:disperserOrder" : "1",
          "ocs:observationId" : "GN-2018A-Q-402-3",
          "instrument:ampReadMode" : "Fast",
          "instrument:stageMode" : "Do Not Follow",
          "ocs:obsConditions:SkyBackground" : "100",
          "instrument:dtaXOffset" : "0",
          "instrument:fpuMode" : "Builtin",
          "instrument:ampCount" : "Twelve",
          "calibration:lamp" : "CuAr arc",
          "observe:observeType" : "ARC",
          "metadata:spnodekey" : "74d1d6a1-d6fc-4a35-bb92-4e62afaa2535,afbf0935-e931-4a26-a93f-48836fdb3a6a",
          "instrument:disperserLambda" : "520.0",
          "calibration:shutter" : "Closed",
          "observe:dataLabel" : "GN-2018A-Q-402-3-001",
          "instrument:ccdYBinning" : "2",
          "observe:headerVisibility" : "PUBLIC",
          "telescope:guideWithPWFS2" : "park",
          "instrument:adc" : "No Correction",
          "calibration:filter" : "GMOS balance",
          "smartgcal:maperror" : "false",
          "observe:proprietaryMonths" : "0",
          "instrument:ccdXBinning" : "2",
          "instrument:builtinROI" : "Full Frame Readout",
          "observe:coadds" : "1",
          "instrument:filter" : "None",
          "observe:exposureTime" : "22.0",
          "observe:class" : "dayCal",
          "observe:status" : "ready",
          "instrument:disperser" : "R400_G5305",
          "telescope:guideWithOIWFS" : "park",
          "observe:sciBand" : "4",
          "smartgcal:step" : "0",
          "ocs:obsConditions:CloudCover" : "100",
          "totalTime" : 58300,
          "instrument:detectorManufacturer" : "HAMAMATSU",
          "metadata:complete" : "false",
          "smartgcal:keyProvider" : "edu.gemini.spModel.gemini.gmos.InstGmosNorth@7e1fa526",
          "ocs:programId" : "GN-2018A-Q-402",
          "instrument:instrument" : "GMOS-N"
        },
        {
          "ocs:obsConditions:WaterVapor" : "100",
          "instrument:mosPreimaging" : "No",
          "instrument:version" : "2009A-1",
          "calibration:exposureTime" : "22.0",
          "instrument:port" : "side-looking",
          "instrument:gainSetting" : "6",
          "instrument:useNS" : "false",
          "telescope:version" : "2009B-1",
          "instrument:fpu" : "Longslit 0.50 arcsec",
          "calibration:basecalDay" : "true",
          "ocs:obsConditions:ImageQuality" : "100",
          "calibration:basecalNight" : "false",
          "instrument:observingWavelength" : "0.525",
          "instrument:gainChoice" : "Low",
          "calibration:coadds" : "1",
          "observe:object" : "CuAr",
          "instrument:posAngle" : "90.0",
          "calibration:diffuser" : "visible",
          "instrument:exposureTime" : "25.0",
          "telescope:Base:name" : "CuAr",
          "telescope:guideWithPWFS1" : "park",
          "metadata:stepcount" : "2",
          "instrument:disperserOrder" : "1",
          "ocs:observationId" : "GN-2018A-Q-402-3",
          "instrument:ampReadMode" : "Fast",
          "instrument:stageMode" : "Do Not Follow",
          "ocs:obsConditions:SkyBackground" : "100",
          "instrument:dtaXOffset" : "0",
          "instrument:fpuMode" : "Builtin",
          "instrument:ampCount" : "Twelve",
          "calibration:lamp" : "CuAr arc",
          "observe:observeType" : "ARC",
          "metadata:spnodekey" : "74d1d6a1-d6fc-4a35-bb92-4e62afaa2535,afbf0935-e931-4a26-a93f-48836fdb3a6a",
          "instrument:disperserLambda" : "525.0",
          "calibration:shutter" : "Closed",
          "observe:dataLabel" : "GN-2018A-Q-402-3-002",
          "instrument:ccdYBinning" : "2",
          "observe:headerVisibility" : "PUBLIC",
          "telescope:guideWithPWFS2" : "park",
          "instrument:adc" : "No Correction",
          "calibration:filter" : "GMOS balance",
          "smartgcal:maperror" : "false",
          "observe:proprietaryMonths" : "0",
          "instrument:ccdXBinning" : "2",
          "instrument:builtinROI" : "Full Frame Readout",
          "observe:coadds" : "1",
          "instrument:filter" : "None",
          "observe:exposureTime" : "22.0",
          "observe:class" : "dayCal",
          "observe:status" : "ready",
          "instrument:disperser" : "R400_G5305",
          "telescope:guideWithOIWFS" : "park",
          "observe:sciBand" : "4",
          "smartgcal:step" : "0",
          "ocs:obsConditions:CloudCover" : "100",
          "totalTime" : 43300,
          "instrument:detectorManufacturer" : "HAMAMATSU",
          "metadata:complete" : "false",
          "smartgcal:keyProvider" : "edu.gemini.spModel.gemini.gmos.InstGmosNorth@7e1fa526",
          "ocs:programId" : "GN-2018A-Q-402",
          "instrument:instrument" : "GMOS-N"
        }
      ],
      "tooOverrideRapid" : false,
      "INFO_NOTE-1" : {
        "title" : "Description",
        "text" : "- This example shows a longslit CuAr arc, to be taken as the baseline calibration\nduring the day (class=Daytime Calibration).\n\n- The guide star has been removed from the target component, since the\ntelescope will be stationary at zenith for this observation.\n\n- The Translation Stage has been set to \"Do not follow\" since the telescope is stationary\nand the Telescope Control System may not be up when this observation\nis taken.\n\n- The readout is \"fast\" in order to save time.\n\n- Because this CuAr is for the science target calibration the ROI is set to Full Frame.\n\n- It is assumed that GMOS is mounted on the side-looking ISS port.\n\n- The instrument should be configured to use the same grating, \nfilter, central wavelength, FPU, and binning as the science observation.\nThe GMOS sequence can be used to sequence the wavelength setting such that arcs \nare taken at all central wavelengths used for the science observations.\nThe smartGCAL arc will automatically choose the best exposure \ntime for the given instrument configuration.\n\n\n\n\n\n",
        "key" : "fcaecb51-1d5f-4b45-a2df-637e233454df"
      },
      "SCHEDULING_CONDITIONS-3" : {
        "elevationConstraintType" : "None",
        "timingWindows" : [],
        "wv" : "Any",
        "key" : "353249a0-c7d3-4079-8650-a4b51e6cc78f",
        "sb" : "Any/Bright",
        "elevationConstraintMin" : 0.0,
        "elevationConstraintMax" : 0.0,
        "cc" : "Any",
        "iq" : "Any"
      },
      "obsClass" : "dayCal",
      "title" : "Longslit: Baseline CuAr arc",
      "qaState" : "UNDEFINED",
      "phase2Status" : "Prepared"
    },
    "key" : "37838279-a475-417c-9a06-77540450aa3e",
    "OBSERVATION_BASIC-4" : {
      "priority" : "Low",
      "setupTime" : 960000,
      "TELESCOPE_TARGETENV-1" : {
        "userTargets" : [],
        "primaryIndex" : 0,
        "base" : {
          "name" : "Twilight",
          "tag" : "sidereal",
          "ra" : "00:00:00.000",
          "magnitudes" : [],
          "type" : "Base",
          "dec" : "00:00:00.00"
        },
        "key" : "f71c8a95-009e-4016-bedc-fefca8bb4b0e",
        "guideGroups" : [
          {
            "name" : "auto",
            "tag" : "auto",
            "primaryGroup" : true,
            "guideProbe" : []
          }
        ]
      },
      "obsLog" : [],
      "setupTimeType" : "FULL",
      "obsStatus" : "READY",
      "observationId" : "GN-2018A-Q-402-7",
      "key" : "59a391ae-557b-4823-8205-1c6110c63020",
      "sequence" : [
        {
          "ocs:obsConditions:WaterVapor" : "100",
          "instrument:mosPreimaging" : "No",
          "instrument:version" : "2009A-1",
          "instrument:port" : "side-looking",
          "instrument:gainSetting" : "2",
          "instrument:useNS" : "false",
          "telescope:version" : "2009B-1",
          "instrument:fpu" : "Longslit 0.50 arcsec",
          "ocs:obsConditions:ImageQuality" : "100",
          "instrument:observingWavelength" : "0.520",
          "instrument:gainChoice" : "Low",
          "observe:object" : "Twilight",
          "instrument:posAngle" : "90.0",
          "instrument:exposureTime" : "30.0",
          "telescope:Base:name" : "Twilight",
          "telescope:guideWithPWFS1" : "park",
          "metadata:stepcount" : "1",
          "instrument:disperserOrder" : "1",
          "ocs:observationId" : "GN-2018A-Q-402-7",
          "instrument:ampReadMode" : "Slow",
          "instrument:stageMode" : "Follow in XY",
          "ocs:obsConditions:SkyBackground" : "100",
          "instrument:dtaXOffset" : "0",
          "instrument:fpuMode" : "Builtin",
          "instrument:ampCount" : "Twelve",
          "observe:observeType" : "OBJECT",
          "metadata:spnodekey" : "d1b484eb-19e1-411e-a403-d394643354ee,54b46b16-3ee0-434d-ace5-df9ac86a94fb",
          "instrument:disperserLambda" : "520.0",
          "observe:dataLabel" : "GN-2018A-Q-402-7-001",
          "instrument:ccdYBinning" : "2",
          "observe:headerVisibility" : "PUBLIC",
          "telescope:guideWithPWFS2" : "park",
          "instrument:adc" : "No Correction",
          "smartgcal:maperror" : "false",
          "observe:proprietaryMonths" : "0",
          "instrument:ccdXBinning" : "2",
          "instrument:builtinROI" : "Full Frame Readout",
          "instrument:filter" : "None",
          "observe:exposureTime" : "30.0",
          "observe:class" : "dayCal",
          "observe:status" : "ready",
          "instrument:disperser" : "R400_G5305",
          "telescope:guideWithOIWFS" : "park",
          "observe:sciBand" : "4",
          "ocs:obsConditions:CloudCover" : "100",
          "totalTime" : 64300,
          "instrument:detectorManufacturer" : "HAMAMATSU",
          "metadata:complete" : "false",
          "smartgcal:keyProvider" : "edu.gemini.spModel.gemini.gmos.InstGmosNorth@78c69741",
          "ocs:programId" : "GN-2018A-Q-402",
          "instrument:instrument" : "GMOS-N"
        }
      ],
      "tooOverrideRapid" : false,
      "SCHEDULING_CONDITIONS-3" : {
        "elevationConstraintType" : "None",
        "timingWindows" : [],
        "wv" : "Any",
        "key" : "dcdc780e-9de0-4342-9286-b0d37fff4044",
        "sb" : "Any/Bright",
        "elevationConstraintMin" : 0.0,
        "elevationConstraintMax" : 0.0,
        "cc" : "Any",
        "iq" : "Any"
      },
      "obsClass" : "dayCal",
      "INFO_NOTE-0" : {
        "title" : "Description",
        "text" : "This example shows a Longslit twilight flat, to be taken as the baseline calibration\n(class=Daytime Calibration).\n\nThe guide star has been removed from the target component, since \ntwilight flats are taken at blank fields and without guiding. There is no\nreason to enter the actual coordinates of the blank field.\n\nFor programs with multiple wavelength settings used to span the gaps\nbetween the CCDs, only one of these wavelength settings will have a\ntwilight flat taken.\n\nThe exposure time is set to 30sec in the GMOS sequence. This makes it\neasy for the observer to adjust it as needed for the brightness of the sky.\n\nThe exposure is taken on the sky so the Translation stage should be \n'Follow in X, Y'.\n\n",
        "key" : "f0b46dcc-b2e9-427b-9a71-501d70d9283c"
      },
      "title" : "Longslit: Baseline Twilight flat",
      "qaState" : "UNDEFINED",
      "phase2Status" : "Prepared"
    },
    "OBSERVATION_BASIC-3" : {
      "priority" : "Low",
      "setupTime" : 960000,
      "TELESCOPE_TARGETENV-1" : {
        "userTargets" : [],
        "primaryIndex" : 0,
        "base" : {
          "name" : "CuAr",
          "tag" : "sidereal",
          "ra" : "00:00:00.000",
          "magnitudes" : [],
          "type" : "Base",
          "dec" : "00:00:00.00"
        },
        "key" : "4c68e510-17b1-4086-aa67-d63f0b775a51",
        "guideGroups" : [
          {
            "name" : "auto",
            "tag" : "auto",
            "primaryGroup" : true,
            "guideProbe" : []
          }
        ]
      },
      "obsLog" : [],
      "setupTimeType" : "FULL",
      "obsStatus" : "READY",
      "observationId" : "GN-2018A-Q-402-6",
      "key" : "f2f301b8-c2e5-40bd-a0b0-d7fd8cac6fa2",
      "sequence" : [
        {
          "ocs:obsConditions:WaterVapor" : "100",
          "instrument:mosPreimaging" : "No",
          "instrument:version" : "2009A-1",
          "calibration:exposureTime" : "22.0",
          "instrument:port" : "side-looking",
          "instrument:gainSetting" : "6",
          "instrument:useNS" : "false",
          "telescope:version" : "2009B-1",
          "instrument:fpu" : "Longslit 0.50 arcsec",
          "calibration:basecalDay" : "true",
          "ocs:obsConditions:ImageQuality" : "100",
          "calibration:basecalNight" : "false",
          "instrument:observingWavelength" : "0.520",
          "instrument:gainChoice" : "Low",
          "calibration:coadds" : "1",
          "observe:object" : "CuAr",
          "instrument:posAngle" : "90.0",
          "calibration:diffuser" : "visible",
          "instrument:exposureTime" : "25.0",
          "telescope:Base:name" : "CuAr",
          "telescope:guideWithPWFS1" : "park",
          "metadata:stepcount" : "1",
          "instrument:disperserOrder" : "1",
          "ocs:observationId" : "GN-2018A-Q-402-6",
          "instrument:ampReadMode" : "Fast",
          "instrument:stageMode" : "Do Not Follow",
          "ocs:obsConditions:SkyBackground" : "100",
          "instrument:dtaXOffset" : "0",
          "instrument:fpuMode" : "Builtin",
          "instrument:ampCount" : "Twelve",
          "calibration:lamp" : "CuAr arc",
          "observe:observeType" : "ARC",
          "metadata:spnodekey" : "776fe194-2f0a-4034-b9db-ed9b621783e9",
          "instrument:disperserLambda" : "520.0",
          "calibration:shutter" : "Closed",
          "observe:dataLabel" : "GN-2018A-Q-402-6-001",
          "instrument:ccdYBinning" : "2",
          "observe:headerVisibility" : "PUBLIC",
          "telescope:guideWithPWFS2" : "park",
          "instrument:adc" : "No Correction",
          "calibration:filter" : "GMOS balance",
          "smartgcal:maperror" : "false",
          "observe:proprietaryMonths" : "0",
          "instrument:ccdXBinning" : "2",
          "instrument:builtinROI" : "Central Spectrum",
          "observe:coadds" : "1",
          "instrument:filter" : "None",
          "observe:exposureTime" : "22.0",
          "observe:class" : "dayCal",
          "observe:status" : "ready",
          "instrument:disperser" : "R400_G5305",
          "telescope:guideWithOIWFS" : "park",
          "observe:sciBand" : "4",
          "smartgcal:step" : "0",
          "ocs:obsConditions:CloudCover" : "100",
          "totalTime" : 51500,
          "instrument:detectorManufacturer" : "HAMAMATSU",
          "metadata:complete" : "false",
          "smartgcal:keyProvider" : "edu.gemini.spModel.gemini.gmos.InstGmosNorth@2cb3d62c",
          "ocs:programId" : "GN-2018A-Q-402",
          "instrument:instrument" : "GMOS-N"
        }
      ],
      "tooOverrideRapid" : false,
      "SCHEDULING_CONDITIONS-3" : {
        "elevationConstraintType" : "None",
        "timingWindows" : [],
        "wv" : "Any",
        "key" : "747203ab-8bb9-4826-b949-27d2eac8d28c",
        "sb" : "Any/Bright",
        "elevationConstraintMin" : 0.0,
        "elevationConstraintMax" : 0.0,
        "cc" : "Any",
        "iq" : "Any"
      },
      "obsClass" : "dayCal",
      "INFO_NOTE-0" : {
        "title" : "Description",
        "text" : "- This example shows a longslit CuAr arc, to be taken as the baseline calibration\nduring the day (class=Daytime Calibration).\n\n- The guide star has been removed from the target component, since the\ntelescope will be stationary at zenith for this observation.\n\n- The Translation Stage has been set to \"Do not Follow\" since the telescope is stationary\nand the Telescope Control System may not be up when this observation\nis taken.\n\n- The readout is \"fast\" in order to save time.\n\n- Because this CuAr is for the standard star observation the ROI is set to central spectrum.\n\n- It is assumed that GMOS is mounted on the side-looking ISS port.\n\n- The instrument should be configured to use the same grating, filter, \ncentral wavelength, FPU, and binning as the Baseline Standard observation. \nThe smartGCAL arc will automatically choose the best exposure \ntime for the given instrument configuration.\n\n",
        "key" : "53e10a88-ae60-4f60-b241-58cb56ab7db1"
      },
      "title" : "Longslit: Baseline standard CuAr arc",
      "qaState" : "UNDEFINED",
      "phase2Status" : "Prepared"
    },
    "OBSERVATION_BASIC-1" : {
      "priority" : "Low",
      "setupTime" : 360000,
      "obsLog" : [],
      "setupTimeType" : "FULL",
      "obsStatus" : "READY",
      "observationId" : "GN-2018A-Q-402-4",
      "key" : "b1f2d922-560c-4a2f-bb10-629e247e5d40",
      "sequence" : [
        {
          "ocs:obsConditions:WaterVapor" : "100",
          "instrument:mosPreimaging" : "No",
          "instrument:version" : "2009A-1",
          "instrument:port" : "side-looking",
          "instrument:gainSetting" : "6",
          "instrument:useNS" : "false",
          "instrument:fpu" : "None",
          "ocs:obsConditions:ImageQuality" : "100",
          "instrument:observingWavelength" : "0.475",
          "instrument:gainChoice" : "Low",
          "instrument:posAngle" : "90.0",
          "instrument:exposureTime" : "2.0",
          "telescope:guideWithPWFS1" : "park",
          "metadata:stepcount" : "1",
          "instrument:disperserOrder" : "1",
          "ocs:observationId" : "GN-2018A-Q-402-4",
          "instrument:ampReadMode" : "Fast",
          "instrument:stageMode" : "Follow in XY",
          "telescope:q" : "0.0",
          "ocs:obsConditions:SkyBackground" : "100",
          "instrument:dtaXOffset" : "0",
          "instrument:fpuMode" : "Builtin",
          "instrument:ampCount" : "Twelve",
          "observe:observeType" : "OBJECT",
          "metadata:spnodekey" : "15f25380-70f7-4542-b688-48f417b51c4b,0a988731-ee6e-4e1f-8e2b-922d874b63c5,ff2047b8-101e-4025-ac95-242a37d3ea20,c407af47-2a31-4c98-85d0-380afa98ebf7",
          "instrument:disperserLambda" : "550.0",
          "observe:dataLabel" : "GN-2018A-Q-402-4-001",
          "instrument:ccdYBinning" : "1",
          "observe:headerVisibility" : "PUBLIC",
          "telescope:guideWithPWFS2" : "park",
          "instrument:adc" : "No Correction",
          "smartgcal:maperror" : "false",
          "observe:proprietaryMonths" : "0",
          "instrument:ccdXBinning" : "1",
          "instrument:builtinROI" : "Central Stamp",
          "instrument:filter" : "g_G0301",
          "observe:exposureTime" : "2.0",
          "observe:class" : "acqCal",
          "observe:status" : "ready",
          "instrument:disperser" : "Mirror",
          "observe:sciBand" : "4",
          "telescope:p" : "0.0",
          "ocs:obsConditions:CloudCover" : "100",
          "totalTime" : 16200,
          "instrument:detectorManufacturer" : "HAMAMATSU",
          "metadata:complete" : "false",
          "smartgcal:keyProvider" : "edu.gemini.spModel.gemini.gmos.InstGmosNorth@550e3b65",
          "ocs:programId" : "GN-2018A-Q-402",
          "instrument:instrument" : "GMOS-N"
        },
        {
          "ocs:obsConditions:WaterVapor" : "100",
          "instrument:mosPreimaging" : "No",
          "instrument:version" : "2009A-1",
          "instrument:port" : "side-looking",
          "instrument:gainSetting" : "6",
          "instrument:useNS" : "false",
          "instrument:fpu" : "Longslit 0.50 arcsec",
          "ocs:obsConditions:ImageQuality" : "100",
          "instrument:observingWavelength" : "0.475",
          "instrument:gainChoice" : "Low",
          "instrument:posAngle" : "90.0",
          "instrument:exposureTime" : "20.0",
          "telescope:guideWithPWFS1" : "park",
          "metadata:stepcount" : "2",
          "instrument:disperserOrder" : "1",
          "ocs:observationId" : "GN-2018A-Q-402-4",
          "instrument:ampReadMode" : "Fast",
          "instrument:stageMode" : "Follow in XY",
          "telescope:q" : "0.0",
          "ocs:obsConditions:SkyBackground" : "100",
          "instrument:dtaXOffset" : "0",
          "instrument:fpuMode" : "Builtin",
          "instrument:ampCount" : "Twelve",
          "observe:observeType" : "OBJECT",
          "metadata:spnodekey" : "0240f0da-7f1d-40a5-a518-39a6d4cecb93,8d59d5e6-9078-43b5-b245-cca90dfe7853,d81aef89-5c7d-41a6-9e1d-abcd7406702b",
          "instrument:disperserLambda" : "550.0",
          "observe:dataLabel" : "GN-2018A-Q-402-4-002",
          "instrument:ccdYBinning" : "1",
          "observe:headerVisibility" : "PUBLIC",
          "telescope:guideWithPWFS2" : "park",
          "instrument:adc" : "No Correction",
          "smartgcal:maperror" : "false",
          "observe:proprietaryMonths" : "0",
          "instrument:ccdXBinning" : "1",
          "instrument:builtinROI" : "Central Stamp",
          "instrument:filter" : "g_G0301",
          "observe:exposureTime" : "20.0",
          "observe:class" : "acqCal",
          "observe:status" : "ready",
          "instrument:disperser" : "Mirror",
          "observe:sciBand" : "4",
          "telescope:p" : "10.0",
          "ocs:obsConditions:CloudCover" : "100",
          "totalTime" : 94200,
          "instrument:detectorManufacturer" : "HAMAMATSU",
          "metadata:complete" : "false",
          "smartgcal:keyProvider" : "edu.gemini.spModel.gemini.gmos.InstGmosNorth@550e3b65",
          "ocs:programId" : "GN-2018A-Q-402",
          "instrument:instrument" : "GMOS-N"
        },
        {
          "ocs:obsConditions:WaterVapor" : "100",
          "instrument:mosPreimaging" : "No",
          "instrument:version" : "2009A-1",
          "instrument:port" : "side-looking",
          "instrument:gainSetting" : "6",
          "instrument:useNS" : "false",
          "instrument:fpu" : "Longslit 0.50 arcsec",
          "ocs:obsConditions:ImageQuality" : "100",
          "instrument:observingWavelength" : "0.475",
          "instrument:gainChoice" : "Low",
          "instrument:posAngle" : "90.0",
          "instrument:exposureTime" : "2.0",
          "telescope:guideWithPWFS1" : "park",
          "metadata:stepcount" : "3",
          "instrument:disperserOrder" : "1",
          "ocs:observationId" : "GN-2018A-Q-402-4",
          "instrument:ampReadMode" : "Fast",
          "instrument:stageMode" : "Follow in XY",
          "telescope:q" : "0.0",
          "ocs:obsConditions:SkyBackground" : "100",
          "instrument:dtaXOffset" : "0",
          "instrument:fpuMode" : "Builtin",
          "instrument:ampCount" : "Twelve",
          "observe:observeType" : "OBJECT",
          "metadata:spnodekey" : "76e09202-5559-47c8-baf8-aaf2a3ba88ee,c8886a23-c873-4410-b7e8-725808279468,4c730602-e522-48ea-81d4-0fffdb2fe00c",
          "instrument:disperserLambda" : "550.0",
          "observe:dataLabel" : "GN-2018A-Q-402-4-003",
          "instrument:ccdYBinning" : "1",
          "observe:headerVisibility" : "PUBLIC",
          "telescope:guideWithPWFS2" : "park",
          "instrument:adc" : "No Correction",
          "smartgcal:maperror" : "false",
          "observe:proprietaryMonths" : "0",
          "instrument:ccdXBinning" : "1",
          "instrument:builtinROI" : "Central Stamp",
          "instrument:filter" : "g_G0301",
          "observe:exposureTime" : "2.0",
          "observe:class" : "acqCal",
          "observe:status" : "ready",
          "instrument:disperser" : "Mirror",
          "observe:sciBand" : "4",
          "telescope:p" : "0.0",
          "ocs:obsConditions:CloudCover" : "100",
          "totalTime" : 23263,
          "instrument:detectorManufacturer" : "HAMAMATSU",
          "metadata:complete" : "false",
          "smartgcal:keyProvider" : "edu.gemini.spModel.gemini.gmos.InstGmosNorth@550e3b65",
          "ocs:programId" : "GN-2018A-Q-402",
          "instrument:instrument" : "GMOS-N"
        },
        {
          "ocs:obsConditions:WaterVapor" : "100",
          "instrument:mosPreimaging" : "No",
          "instrument:version" : "2009A-1",
          "instrument:port" : "side-looking",
          "instrument:gainSetting" : "6",
          "instrument:useNS" : "false",
          "instrument:fpu" : "Longslit 0.50 arcsec",
          "ocs:obsConditions:ImageQuality" : "100",
          "instrument:observingWavelength" : "0.475",
          "instrument:gainChoice" : "Low",
          "instrument:posAngle" : "90.0",
          "instrument:exposureTime" : "2.0",
          "telescope:guideWithPWFS1" : "park",
          "metadata:stepcount" : "4",
          "instrument:disperserOrder" : "1",
          "ocs:observationId" : "GN-2018A-Q-402-4",
          "instrument:ampReadMode" : "Fast",
          "instrument:stageMode" : "Follow in XY",
          "telescope:q" : "0.0",
          "ocs:obsConditions:SkyBackground" : "100",
          "instrument:dtaXOffset" : "0",
          "instrument:fpuMode" : "Builtin",
          "instrument:ampCount" : "Twelve",
          "observe:observeType" : "OBJECT",
          "metadata:spnodekey" : "76e09202-5559-47c8-baf8-aaf2a3ba88ee,c8886a23-c873-4410-b7e8-725808279468,4c730602-e522-48ea-81d4-0fffdb2fe00c",
          "instrument:disperserLambda" : "550.0",
          "observe:dataLabel" : "GN-2018A-Q-402-4-004",
          "instrument:ccdYBinning" : "1",
          "observe:headerVisibility" : "PUBLIC",
          "telescope:guideWithPWFS2" : "park",
          "instrument:adc" : "No Correction",
          "smartgcal:maperror" : "false",
          "observe:proprietaryMonths" : "0",
          "instrument:ccdXBinning" : "1",
          "instrument:builtinROI" : "Central Stamp",
          "instrument:filter" : "g_G0301",
          "observe:exposureTime" : "2.0",
          "observe:class" : "acqCal",
          "observe:status" : "ready",
          "instrument:disperser" : "Mirror",
          "observe:sciBand" : "4",
          "telescope:p" : "0.0",
          "ocs:obsConditions:CloudCover" : "100",
          "totalTime" : 16200,
          "instrument:detectorManufacturer" : "HAMAMATSU",
          "metadata:complete" : "false",
          "smartgcal:keyProvider" : "edu.gemini.spModel.gemini.gmos.InstGmosNorth@550e3b65",
          "ocs:programId" : "GN-2018A-Q-402",
          "instrument:instrument" : "GMOS-N"
        }
      ],
      "SCHEDULING_CONDITIONS-2" : {
        "elevationConstraintType" : "None",
        "timingWindows" : [],
        "wv" : "Any",
        "key" : "4829f8d4-fed2-4e2f-83f0-e49f19dbc8bf",
        "sb" : "Any/Bright",
        "elevationConstraintMin" : 0.0,
        "elevationConstraintMax" : 0.0,
        "cc" : "Any",
        "iq" : "Any"
      },
      "tooOverrideRapid" : false,
      "obsClass" : "acqCal",
      "INFO_NOTE-0" : {
        "title" : "Description",
        "text" : "This is an acquisition observation for a longslit standard observation.\nIt is assumed that GMOS is mounted on the side-looking ISS port.\n\nThe class has been set to 'Acquisition Calibration'.\n\nThere is no target component as an appropriate target will be supplied\nby the Gemini observing staff when it is convenient to observe the\nspectrophotometric baseline standards.\n\nThe FPU, binning and exposure time are sequenced in four steps:\n\nStep 1: Imaging exposure with the CCD binned 1x1 with ROI Central Stamp (300x300 pixels FOV)\nStep 2: 20s image through the slit that is used to measure the slit center\n              with the CCD binned 1x1 and the ROI set to Central Stamp.\nStep 3: Image through the slit used to confirm that the offsets have well centered \n              the science target within the slit (CCD is binned 1x1 with ROI Central Stamp)\nStep 4: Copy of step 3, which will only be used if it is necessary to further\n               adjust the centering of the star in the slit.\n\nThe FPU should match the one used for the Baseline Standard observation.\n",
        "key" : "6daabe41-5061-44ca-ad6b-85eafeb35b6b"
      },
      "title" : "Longslit: Baseline standard acquisition observation",
      "qaState" : "UNDEFINED",
      "phase2Status" : "Prepared"
    },
    "OBSERVATION_BASIC-2" : {
      "priority" : "Low",
      "setupTime" : 960000,
      "obsLog" : [],
      "setupTimeType" : "FULL",
      "obsStatus" : "READY",
      "observationId" : "GN-2018A-Q-402-5",
      "key" : "a21c91a7-faae-437a-8822-2de2dc3d14c3",
      "sequence" : [
        {
          "ocs:obsConditions:WaterVapor" : "100",
          "instrument:mosPreimaging" : "No",
          "instrument:version" : "2009A-1",
          "instrument:port" : "side-looking",
          "instrument:gainSetting" : "2",
          "instrument:useNS" : "false",
          "instrument:fpu" : "Longslit 0.50 arcsec",
          "ocs:obsConditions:ImageQuality" : "100",
          "instrument:observingWavelength" : "0.520",
          "instrument:gainChoice" : "Low",
          "instrument:posAngle" : "90.0",
          "instrument:exposureTime" : "120.0",
          "telescope:guideWithPWFS1" : "park",
          "metadata:stepcount" : "1",
          "instrument:disperserOrder" : "1",
          "ocs:observationId" : "GN-2018A-Q-402-5",
          "instrument:ampReadMode" : "Slow",
          "instrument:stageMode" : "Follow in XY",
          "ocs:obsConditions:SkyBackground" : "100",
          "instrument:dtaXOffset" : "0",
          "instrument:fpuMode" : "Builtin",
          "instrument:ampCount" : "Twelve",
          "observe:observeType" : "OBJECT",
          "metadata:spnodekey" : "c3eb4051-d1f2-4839-a592-1a1b3209ac45",
          "instrument:disperserLambda" : "520.0",
          "observe:dataLabel" : "GN-2018A-Q-402-5-001",
          "instrument:ccdYBinning" : "2",
          "observe:headerVisibility" : "PUBLIC",
          "telescope:guideWithPWFS2" : "park",
          "instrument:adc" : "No Correction",
          "smartgcal:maperror" : "false",
          "observe:proprietaryMonths" : "0",
          "instrument:ccdXBinning" : "2",
          "instrument:builtinROI" : "Central Spectrum",
          "instrument:filter" : "None",
          "observe:exposureTime" : "120.0",
          "observe:class" : "partnerCal",
          "observe:status" : "ready",
          "instrument:disperser" : "R400_G5305",
          "observe:sciBand" : "4",
          "ocs:obsConditions:CloudCover" : "100",
          "totalTime" : 138600,
          "instrument:detectorManufacturer" : "HAMAMATSU",
          "metadata:complete" : "false",
          "smartgcal:keyProvider" : "edu.gemini.spModel.gemini.gmos.InstGmosNorth@9acfb37",
          "ocs:programId" : "GN-2018A-Q-402",
          "instrument:instrument" : "GMOS-N"
        },
        {
          "ocs:obsConditions:WaterVapor" : "100",
          "instrument:mosPreimaging" : "No",
          "instrument:version" : "2009A-1",
          "calibration:exposureTime" : "2.0",
          "instrument:port" : "side-looking",
          "instrument:gainSetting" : "2",
          "instrument:useNS" : "false",
          "instrument:fpu" : "Longslit 0.50 arcsec",
          "calibration:basecalDay" : "false",
          "ocs:obsConditions:ImageQuality" : "100",
          "calibration:basecalNight" : "true",
          "instrument:observingWavelength" : "0.520",
          "instrument:gainChoice" : "Low",
          "calibration:coadds" : "1",
          "observe:object" : "GCALflat",
          "instrument:posAngle" : "90.0",
          "calibration:diffuser" : "visible",
          "instrument:exposureTime" : "120.0",
          "telescope:guideWithPWFS1" : "park",
          "metadata:stepcount" : "2",
          "instrument:disperserOrder" : "1",
          "ocs:observationId" : "GN-2018A-Q-402-5",
          "instrument:ampReadMode" : "Slow",
          "instrument:stageMode" : "Follow in XY",
          "ocs:obsConditions:SkyBackground" : "100",
          "instrument:dtaXOffset" : "0",
          "instrument:fpuMode" : "Builtin",
          "instrument:ampCount" : "Twelve",
          "calibration:lamp" : "5W Quartz Halogen",
          "observe:observeType" : "FLAT",
          "metadata:spnodekey" : "538995e8-f735-4143-a223-4116ac2fadbd",
          "instrument:disperserLambda" : "520.0",
          "calibration:shutter" : "Closed",
          "observe:dataLabel" : "GN-2018A-Q-402-5-002",
          "instrument:ccdYBinning" : "2",
          "observe:headerVisibility" : "PUBLIC",
          "telescope:guideWithPWFS2" : "park",
          "instrument:adc" : "No Correction",
          "calibration:filter" : "GMOS balance",
          "smartgcal:maperror" : "false",
          "observe:proprietaryMonths" : "0",
          "instrument:ccdXBinning" : "2",
          "instrument:builtinROI" : "Central Spectrum",
          "observe:coadds" : "1",
          "instrument:filter" : "None",
          "observe:exposureTime" : "2.0",
          "observe:class" : "partnerCal",
          "observe:status" : "ready",
          "instrument:disperser" : "R400_G5305",
          "observe:sciBand" : "4",
          "smartgcal:step" : "0",
          "ocs:obsConditions:CloudCover" : "100",
          "totalTime" : 35600,
          "instrument:detectorManufacturer" : "HAMAMATSU",
          "metadata:complete" : "false",
          "smartgcal:keyProvider" : "edu.gemini.spModel.gemini.gmos.InstGmosNorth@9acfb37",
          "ocs:programId" : "GN-2018A-Q-402",
          "instrument:instrument" : "GMOS-N"
        }
      ],
      "SCHEDULING_CONDITIONS-2" : {
        "elevationConstraintType" : "None",
        "timingWindows" : [],
        "wv" : "Any",
        "key" : "bfc86a5c-4555-45b9-aa24-97e8fa5ed598",
        "sb" : "Any/Bright",
        "elevationConstraintMin" : 0.0,
        "elevationConstraintMax" : 0.0,
        "cc" : "Any",
        "iq" : "Any"
      },
      "tooOverrideRapid" : false,
      "obsClass" : "partnerCal",
      "INFO_NOTE-0" : {
        "title" : "Description",
        "text" : "This example is a longslit standard observation with GCAL flats\nmixed in. \n\nThe class of the observes is 'Nighttime Partner Calibration'.\n\nIt is assumed that GMOS is mounted on the side-looking ISS port.\n\nThe filter, grating, central wavelength, ccd binning, and FPU match the\nconfigurations used in the science observation.  There is no need to dither \na spectrophotometric standard observation either spectrally or spatially.\n\nFor programs with multiple wavelength settings used to span the gaps\nbetween the CCDs, only one of these wavlength settings will be taken for\nthe spectrophotometric standard.  Baseline relative flux calibration is\na smooth function which can be interpolated across the gaps in the\ndetector.  Programs which need spectrophotometric standard or telluric\nstandard calibration beyond that provided by this minimal baseline\nstandard definition will need to define a program calibration standard\nstar whose time will be charged against the alotted time.\n\nThe target component has been removed as Gemini observing\nstaff will select an appropriate standard star that is accessible\nwhen conditions are convenient for observing baseline standards.\n\n\n\n",
        "key" : "25f436a7-5c24-4f73-a59f-dd376a94c129"
      },
      "title" : "Longslit: Baseline standard observation with GCALflats",
      "qaState" : "UNDEFINED",
      "phase2Status" : "Prepared"
    }
  },
  "INFO_PROGRAMNOTE-1" : {
    "title" : "Target lost",
    "text" : "",
    "key" : "4a5a59da-f6c5-42cb-b8fc-4a3f9e0c1e7b"
  },
  "piLastName" : "Chené",
  "timeAccountAllocationCategories" : [
    {
      "awardedProgramTime" : 3600000,
      "usedProgramTime" : 0,
      "usedPartnerTime" : 0,
      "awardedPartnerTime" : 360000,
      "category" : "Gemini Staff"
    }
  ],
  "programId" : "GN-2018A-Q-402",
  "queueBand" : "4",
  "rolloverFlag" : false,
  "awardedTime" : 3600000,
  "INFO_NOTE-0" : {
    "title" : "COMPLETING PHASE II",
    "text" : "\nThis initial Phase II program contains information including PI and support information, target lists, conditions constraints, and template observations based on the Phase I observing modes and resources. Following the technical assessment and ITAC queue-merging processes, some of your Phase I targets may have been deactivated, the total time adjusted, and/or observing condition constraints relaxed in order for your program to be scheduled in the queue band consistent with your ranking. The configuration information from the proposal has been added to template observations. Templates groups for science observations are found in the new Templates folder.  There is one template group for each requested configuration. Phase I targets with their associated conditions and total times are viewed by clicking on the template group node. Baseline calibration observations may be included in a separate \"Baseline\" folder.\n\nThe Phase I proposal itself is no longer incorporated into the Phase II program, but the proposal document, PDF attachment, and PDF summary can be downloaded from the File Attachment tab on the top level program overview.\n\nPIs of Target of Opportunity (ToO) programs should consult with their NGO and Gemini contact scientists.\n\nThe recommended process for non-ToO programs is as follows:\n\n1. FETCH THE EXAMPLE OT LIBRARIES since they contain additional examples and useful information such as lists of standard stars. Libraries should first be updated by selecting \"Fetch Libraries\" from the File menu. Thereafter they can be viewed by clicking on the Libraries button in the toolbar.\n\n2. UPDATE THE TEMPLATE OBSERVATIONS with the settings and sequence that will be applied to all targets in the group.  This can include setting central wavelengths and individual exposure times and changing the acquisition strategy. If different configurations are needed for different groups of targets, a template group can be split and a subset of the targets can be assigned to each group.\n\n3. APPLY THE TEMPLATES TO TARGETS AND CONDITIONS. It is possible to apply the templates to a subset of targets. New draft observations will be generated with target and conditions components added.\n\n4. MAKE TARGET-SPECIFIC CHANGES to the new draft observations. These changes may include setting the position angle, selecting guide stars, selecting telluric standards, etc. Don't forget to check that your guide stars are of sufficient brightness and are accessible at your specified orientations. Guide stars can be selected automatically using the \"Auto GS\" buttons.\n\n5. SET THE OBSERVATION STATUS TO \"For Review\" AND SYNC your observations by clicking the Sync button in the toolbar or by selecting \"Sync changes...\" from the File menu. Your NGO contact will check the observations and make any recommendations.\n\nWe recommend that you complete all the observations for a single target and have them checked by your NGO contact before working on the remaining targets. We also recommend that where possible you make changes by updating the templates and then reapplying them to the targets. This will reduce the burden of making the same change to multiple observations.\n\nPIs who intend to copy observations from programs in previous semesters should also consult the current OT libraries to ensure that the configurations are up to date. You update the libraries by selecting \"Fetch Libraries...\" from the OT File menu. We also recommend that you replace any \"Manual Arc\" and \"Manual Flat\" nodes with the automatic Flat and Arc observation nodes to ensure that the observations will use the correct settings.\n\nDetailed information about the OT, instruments, the Phase II process, specific dates and instructions for the current and upcoming semesters, and tutorials can be found on the Gemini web site (goto www.gemini.edu/sciops). When online you can access the OT help page by selecting \"OT Help\" from the Help menu above. Review the Phase II keeping in mind any special instructions on the web pages.\n\nIf you have any additional questions please submit a HelpDesk query at\n\n  http://www.gemini.edu/sciops/helpdesk/\n    ",
    "key" : "67cc9a9a-b066-4299-ad76-210b8ab5cce2"
  },
  "GROUP_GROUP_SCHEDULING-5" : {
    "name" : "TCP J05074264+2447555 - [1] GMOS-N LongSlit R400_G5305 None Longslit 0.50 arcsec",
    "key" : "268ba120-8987-4b51-ba1f-91f563f80a3f",
    "OBSERVATION_BASIC-0" : {
      "priority" : "High",
      "setupTime" : 360000,
      "obsLog" : [],
      "setupTimeType" : "FULL",
      "TELESCOPE_TARGETENV-4" : {
        "userTargets" : [],
        "primaryIndex" : 0,
        "base" : {
          "name" : "TCP J05074264+2447555",
          "tag" : "sidereal",
          "spatialProfile" : {
            "type" : "pointSource"
          },
          "ra" : "05:07:42.640",
          "magnitudes" : [
            {
              "name" : "V",
              "value" : 14.100000381469727,
              "system" : "Vega"
            }
          ],
          "type" : "Base",
          "dec" : "24:47:55.50",
          "spectralDistribution" : {
            "type" : "libraryStar",
            "sedSpectrum" : "A0V"
          }
        },
        "key" : "6c958eff-1499-4660-af62-c15faf509181",
        "guideGroups" : [
          {
            "name" : "auto",
            "tag" : "auto",
            "primaryGroup" : true,
            "guideProbe" : [
              {
                "guideProbeKey" : "GMOS OIWFS",
                "target" : {
                  "name" : "575-014149",
                  "epoch" : 2000.0,
                  "tag" : "sidereal",
                  "deltara" : 30.2,
                  "deltadec" : -6.0,
                  "ra" : "05:07:40.675",
                  "magnitudes" : [
                    {
                      "name" : "B",
                      "value" : 9.508,
                      "system" : "Vega"
                    },
                    {
                      "name" : "g",
                      "value" : 9.91,
                      "system" : "AB"
                    },
                    {
                      "name" : "V",
                      "value" : 9.075,
                      "system" : "Vega"
                    },
                    {
                      "name" : "UC",
                      "value" : 9.034,
                      "system" : "Vega"
                    },
                    {
                      "name" : "r",
                      "value" : 9.147,
                      "system" : "AB"
                    },
                    {
                      "name" : "i",
                      "value" : 9.185,
                      "system" : "AB"
                    },
                    {
                      "name" : "J",
                      "value" : 7.864,
                      "system" : "Vega"
                    },
                    {
                      "name" : "H",
                      "value" : 7.692,
                      "system" : "Vega"
                    },
                    {
                      "name" : "K",
                      "value" : 7.59,
                      "system" : "Vega"
                    }
                  ],
                  "type" : "GuideStar",
                  "dec" : "24:49:32.51"
                }
              }
            ]
          }
        ]
      },
      "obsStatus" : "READY",
      "observationId" : "GN-2018A-Q-402-8",
      "key" : "16aa8ff9-4f24-4cf0-9857-f19647e68098",
      "sequence" : [
        {
          "ocs:obsConditions:WaterVapor" : "100",
          "instrument:mosPreimaging" : "No",
          "instrument:version" : "2009A-1",
          "instrument:port" : "side-looking",
          "instrument:gainSetting" : "6",
          "instrument:useNS" : "false",
          "telescope:version" : "2009B-1",
          "instrument:fpu" : "None",
          "ocs:obsConditions:ImageQuality" : "85",
          "instrument:observingWavelength" : "0.630",
          "instrument:gainChoice" : "Low",
          "observe:object" : "TCP J05074264+2447555",
          "instrument:posAngle" : "90.0",
          "instrument:exposureTime" : "10.0",
          "telescope:Base:name" : "TCP J05074264+2447555",
          "telescope:guideWithPWFS1" : "park",
          "metadata:stepcount" : "1",
          "instrument:disperserOrder" : "1",
          "ocs:observationId" : "GN-2018A-Q-402-8",
          "instrument:ampReadMode" : "Fast",
          "instrument:stageMode" : "Follow in XY",
          "telescope:q" : "0.0",
          "ocs:obsConditions:SkyBackground" : "100",
          "instrument:dtaXOffset" : "0",
          "instrument:fpuMode" : "Builtin",
          "instrument:ampCount" : "Twelve",
          "observe:observeType" : "OBJECT",
          "metadata:spnodekey" : "8d1e49f4-f1d7-4aad-a902-50aa220fc509,38a9d8fe-265f-4cec-8a5e-a01313d23142,d5a409c1-b2f9-4e3b-b6d0-9b2e5a4fa06a,6ccd2b5e-cc9f-4005-bb72-e9c4a8cb3d99",
          "instrument:disperserLambda" : "550.0",
          "observe:dataLabel" : "GN-2018A-Q-402-8-001",
          "instrument:ccdYBinning" : "2",
          "observe:headerVisibility" : "PUBLIC",
          "telescope:guideWithPWFS2" : "park",
          "instrument:adc" : "No Correction",
          "smartgcal:maperror" : "false",
          "observe:proprietaryMonths" : "12",
          "instrument:ccdXBinning" : "2",
          "instrument:builtinROI" : "CCD 2",
          "instrument:filter" : "r_G0303",
          "observe:exposureTime" : "10.0",
          "observe:class" : "acq",
          "observe:status" : "ready",
          "instrument:disperser" : "Mirror",
          "telescope:guideWithOIWFS" : "guide",
          "observe:sciBand" : "4",
          "telescope:p" : "0.0",
          "ocs:obsConditions:CloudCover" : "80",
          "totalTime" : 29700,
          "instrument:detectorManufacturer" : "HAMAMATSU",
          "metadata:complete" : "false",
          "smartgcal:keyProvider" : "edu.gemini.spModel.gemini.gmos.InstGmosNorth@20a89497",
          "ocs:programId" : "GN-2018A-Q-402",
          "instrument:instrument" : "GMOS-N"
        },
        {
          "ocs:obsConditions:WaterVapor" : "100",
          "instrument:mosPreimaging" : "No",
          "instrument:version" : "2009A-1",
          "instrument:port" : "side-looking",
          "instrument:gainSetting" : "6",
          "instrument:useNS" : "false",
          "telescope:version" : "2009B-1",
          "instrument:fpu" : "Longslit 0.50 arcsec",
          "ocs:obsConditions:ImageQuality" : "85",
          "instrument:observingWavelength" : "0.630",
          "instrument:gainChoice" : "Low",
          "observe:object" : "TCP J05074264+2447555",
          "instrument:posAngle" : "90.0",
          "instrument:exposureTime" : "20.0",
          "telescope:Base:name" : "TCP J05074264+2447555",
          "telescope:guideWithPWFS1" : "park",
          "metadata:stepcount" : "2",
          "instrument:disperserOrder" : "1",
          "ocs:observationId" : "GN-2018A-Q-402-8",
          "instrument:ampReadMode" : "Fast",
          "instrument:stageMode" : "Follow in XY",
          "telescope:q" : "0.0",
          "ocs:obsConditions:SkyBackground" : "100",
          "instrument:dtaXOffset" : "0",
          "instrument:fpuMode" : "Builtin",
          "instrument:ampCount" : "Twelve",
          "observe:observeType" : "OBJECT",
          "metadata:spnodekey" : "7acc5469-51f2-456f-b1b7-1b1adf69f7b8,31711ae1-cf2e-4c8b-82ee-089084173a1e,5b4dbda6-2f45-4fbe-87cb-f917bcb97090",
          "instrument:disperserLambda" : "550.0",
          "observe:dataLabel" : "GN-2018A-Q-402-8-002",
          "instrument:ccdYBinning" : "1",
          "observe:headerVisibility" : "PUBLIC",
          "telescope:guideWithPWFS2" : "park",
          "instrument:adc" : "No Correction",
          "smartgcal:maperror" : "false",
          "observe:proprietaryMonths" : "12",
          "instrument:ccdXBinning" : "1",
          "instrument:builtinROI" : "Central Stamp",
          "instrument:filter" : "r_G0303",
          "observe:exposureTime" : "20.0",
          "observe:class" : "acq",
          "observe:status" : "ready",
          "instrument:disperser" : "Mirror",
          "telescope:guideWithOIWFS" : "guide",
          "observe:sciBand" : "4",
          "telescope:p" : "10.0",
          "ocs:obsConditions:CloudCover" : "80",
          "totalTime" : 94200,
          "instrument:detectorManufacturer" : "HAMAMATSU",
          "metadata:complete" : "false",
          "smartgcal:keyProvider" : "edu.gemini.spModel.gemini.gmos.InstGmosNorth@20a89497",
          "ocs:programId" : "GN-2018A-Q-402",
          "instrument:instrument" : "GMOS-N"
        },
        {
          "ocs:obsConditions:WaterVapor" : "100",
          "instrument:mosPreimaging" : "No",
          "instrument:version" : "2009A-1",
          "instrument:port" : "side-looking",
          "instrument:gainSetting" : "6",
          "instrument:useNS" : "false",
          "telescope:version" : "2009B-1",
          "instrument:fpu" : "Longslit 0.50 arcsec",
          "ocs:obsConditions:ImageQuality" : "85",
          "instrument:observingWavelength" : "0.630",
          "instrument:gainChoice" : "Low",
          "observe:object" : "TCP J05074264+2447555",
          "instrument:posAngle" : "90.0",
          "instrument:exposureTime" : "10.0",
          "telescope:Base:name" : "TCP J05074264+2447555",
          "telescope:guideWithPWFS1" : "park",
          "metadata:stepcount" : "3",
          "instrument:disperserOrder" : "1",
          "ocs:observationId" : "GN-2018A-Q-402-8",
          "instrument:ampReadMode" : "Fast",
          "instrument:stageMode" : "Follow in XY",
          "telescope:q" : "0.0",
          "ocs:obsConditions:SkyBackground" : "100",
          "instrument:dtaXOffset" : "0",
          "instrument:fpuMode" : "Builtin",
          "instrument:ampCount" : "Twelve",
          "observe:observeType" : "OBJECT",
          "metadata:spnodekey" : "b6b4ffb9-22d1-458a-88d8-810bda120c73,33eb7f3c-d6aa-4ed1-a53e-ee4637f46fbd,049ee798-d53c-491a-8fda-03e4332aa096",
          "instrument:disperserLambda" : "550.0",
          "observe:dataLabel" : "GN-2018A-Q-402-8-003",
          "instrument:ccdYBinning" : "1",
          "observe:headerVisibility" : "PUBLIC",
          "telescope:guideWithPWFS2" : "park",
          "instrument:adc" : "No Correction",
          "smartgcal:maperror" : "false",
          "observe:proprietaryMonths" : "12",
          "instrument:ccdXBinning" : "1",
          "instrument:builtinROI" : "Central Stamp",
          "instrument:filter" : "r_G0303",
          "observe:exposureTime" : "10.0",
          "observe:class" : "acq",
          "observe:status" : "ready",
          "instrument:disperser" : "Mirror",
          "telescope:guideWithOIWFS" : "guide",
          "observe:sciBand" : "4",
          "telescope:p" : "0.0",
          "ocs:obsConditions:CloudCover" : "80",
          "totalTime" : 31263,
          "instrument:detectorManufacturer" : "HAMAMATSU",
          "metadata:complete" : "false",
          "smartgcal:keyProvider" : "edu.gemini.spModel.gemini.gmos.InstGmosNorth@20a89497",
          "ocs:programId" : "GN-2018A-Q-402",
          "instrument:instrument" : "GMOS-N"
        },
        {
          "ocs:obsConditions:WaterVapor" : "100",
          "instrument:mosPreimaging" : "No",
          "instrument:version" : "2009A-1",
          "instrument:port" : "side-looking",
          "instrument:gainSetting" : "6",
          "instrument:useNS" : "false",
          "telescope:version" : "2009B-1",
          "instrument:fpu" : "Longslit 0.50 arcsec",
          "ocs:obsConditions:ImageQuality" : "85",
          "instrument:observingWavelength" : "0.630",
          "instrument:gainChoice" : "Low",
          "observe:object" : "TCP J05074264+2447555",
          "instrument:posAngle" : "90.0",
          "instrument:exposureTime" : "10.0",
          "telescope:Base:name" : "TCP J05074264+2447555",
          "telescope:guideWithPWFS1" : "park",
          "metadata:stepcount" : "4",
          "instrument:disperserOrder" : "1",
          "ocs:observationId" : "GN-2018A-Q-402-8",
          "instrument:ampReadMode" : "Fast",
          "instrument:stageMode" : "Follow in XY",
          "telescope:q" : "0.0",
          "ocs:obsConditions:SkyBackground" : "100",
          "instrument:dtaXOffset" : "0",
          "instrument:fpuMode" : "Builtin",
          "instrument:ampCount" : "Twelve",
          "observe:observeType" : "OBJECT",
          "metadata:spnodekey" : "b6b4ffb9-22d1-458a-88d8-810bda120c73,33eb7f3c-d6aa-4ed1-a53e-ee4637f46fbd,049ee798-d53c-491a-8fda-03e4332aa096",
          "instrument:disperserLambda" : "550.0",
          "observe:dataLabel" : "GN-2018A-Q-402-8-004",
          "instrument:ccdYBinning" : "1",
          "observe:headerVisibility" : "PUBLIC",
          "telescope:guideWithPWFS2" : "park",
          "instrument:adc" : "No Correction",
          "smartgcal:maperror" : "false",
          "observe:proprietaryMonths" : "12",
          "instrument:ccdXBinning" : "1",
          "instrument:builtinROI" : "Central Stamp",
          "instrument:filter" : "r_G0303",
          "observe:exposureTime" : "10.0",
          "observe:class" : "acq",
          "observe:status" : "ready",
          "instrument:disperser" : "Mirror",
          "telescope:guideWithOIWFS" : "guide",
          "observe:sciBand" : "4",
          "telescope:p" : "0.0",
          "ocs:obsConditions:CloudCover" : "80",
          "totalTime" : 24200,
          "instrument:detectorManufacturer" : "HAMAMATSU",
          "metadata:complete" : "false",
          "smartgcal:keyProvider" : "edu.gemini.spModel.gemini.gmos.InstGmosNorth@20a89497",
          "ocs:programId" : "GN-2018A-Q-402",
          "instrument:instrument" : "GMOS-N"
        }
      ],
      "tooOverrideRapid" : false,
      "INFO_NOTE-1" : {
        "title" : "Observer Instructions ",
        "text" : "Take first 2 images (wait for astigmatism to be < ~0.2 especially if using the image to judge IQ).\ncl> gacq 1 \n\nTake an image through slit to confirm/tweak centering.  MUST TAKE THIS IMAGE.\ncl> gacq 3\n(when the gacq asks you if you want to use the previously measured slit center say yes)\n\nNeed another?\ncl> gacq 4\n(when the gacq asks you if you want to use the previously measured slit center say yes)\n\n---\n\nDetails:\n1 = source image (CCD2)\n2 = 20s image through slit used for measuring the slit center (STAMP)\n   should be found automatically by gacq the first time, and afterward the recorded slit center should be used.\n   can specify to use this slitimage specifically in the second and third iterations manually if you get into trouble\n   by specifying slitimage=2 on the gacq command line (eg. gacq 3 slitimage=2)\n3 = source through slit (STAMP)\n4 = source through slit (STAMP)\n\n",
        "key" : "e4f894ee-e4b5-4acb-89a0-13d841a6f103"
      },
      "SCHEDULING_CONDITIONS-3" : {
        "elevationConstraintType" : "None",
        "timingWindows" : [],
        "wv" : "Any",
        "key" : "03ebec2d-b629-4923-a518-58085a0cb8f3",
        "sb" : "Any/Bright",
        "elevationConstraintMin" : 0.0,
        "elevationConstraintMax" : 0.0,
        "cc" : "80%/Cloudy",
        "iq" : "85%/Poor"
      },
      "obsClass" : "acq",
      "INFO_NOTE-0" : {
        "title" : "Description",
        "text" : "This is the longslit acquisition template for science observation of a point source centered \nin the middle of CCD2.\n\nIt is assumed that GMOS is mounted on the side-looking ISS port.\n\nThe class has been set to 'Acquisition'.\n\nThe FPU, binning and exposure time are sequenced in four steps:\n\nStep 1: Imaging exposure with the CCD binned 2x2 using ROI CCD2 (central chip)\nStep 2: 20s image through the slit that is used to measure the slit center\n              with the CCD binned 1x1 and the ROI set to Central Stamp.\nStep 3: Image through the slit used to confirm that the offsets have well centered \n              the science target within the slit (CCD is binned 1x1 with ROI Central Stamp)\nStep 4: Copy of step 3, which will only be used if it is necessary to further\n               adjust the centering of the star in the slit.\n\nIn most cases, the user will only need to edit the following:\n\n-- FPU to match the science setup\n-- Filter: It is recommended to select the acquisition filter that provides the best\n     target signal, as wavelength offsets between the filter and spectroscopic setup\n     are automatically corrected for.\n-- Exposure time in steps 1, 3, and 4 as appropriate for the target. \n     Use the ITC to find the exposure time needed. A S/N>=10 is recommended \n     for acquisition observations. The exposure time of  the slit image (step 2) \n     should be left as defined at 20 seconds.\n",
        "key" : "f9109be1-6a44-4cc7-a014-43e5be1ecc8d"
      },
      "title" : "Longslit: Acq (point source)",
      "qaState" : "UNDEFINED",
      "phase2Status" : "Prepared"
    },
    "OBSERVATION_BASIC-1" : {
      "priority" : "High",
      "setupTime" : 960000,
      "obsLog" : [],
      "setupTimeType" : "FULL",
      "obsStatus" : "READY",
      "observationId" : "GN-2018A-Q-402-9",
      "key" : "6b5c14fe-dd3d-467f-b912-12643128332e",
      "sequence" : [
        {
          "ocs:obsConditions:WaterVapor" : "100",
          "instrument:mosPreimaging" : "No",
          "instrument:version" : "2009A-1",
          "calibration:exposureTime" : "2.0",
          "instrument:port" : "side-looking",
          "instrument:gainSetting" : "2",
          "instrument:useNS" : "false",
          "telescope:version" : "2009B-1",
          "instrument:fpu" : "Longslit 0.50 arcsec",
          "calibration:basecalDay" : "false",
          "ocs:obsConditions:ImageQuality" : "85",
          "calibration:basecalNight" : "true",
          "instrument:observingWavelength" : "0.520",
          "instrument:gainChoice" : "Low",
          "calibration:coadds" : "1",
          "observe:object" : "GCALflat",
          "instrument:posAngle" : "90.0",
          "calibration:diffuser" : "visible",
          "instrument:exposureTime" : "600.0",
          "telescope:Base:name" : "TCP J05074264+2447555",
          "telescope:guideWithPWFS1" : "park",
          "metadata:stepcount" : "1",
          "instrument:disperserOrder" : "1",
          "ocs:observationId" : "GN-2018A-Q-402-9",
          "instrument:ampReadMode" : "Slow",
          "instrument:stageMode" : "Follow in XY",
          "ocs:obsConditions:SkyBackground" : "100",
          "instrument:dtaXOffset" : "0",
          "instrument:fpuMode" : "Builtin",
          "instrument:ampCount" : "Twelve",
          "calibration:lamp" : "5W Quartz Halogen",
          "observe:observeType" : "FLAT",
          "metadata:spnodekey" : "40591e87-db47-483c-adcc-a1f8f1bb02a9,4ec66f2b-8c26-486e-a5f1-98f23c7d9871",
          "instrument:disperserLambda" : "520.0",
          "calibration:shutter" : "Closed",
          "observe:dataLabel" : "GN-2018A-Q-402-9-001",
          "instrument:ccdYBinning" : "2",
          "observe:headerVisibility" : "PUBLIC",
          "telescope:guideWithPWFS2" : "park",
          "instrument:adc" : "No Correction",
          "calibration:filter" : "GMOS balance",
          "smartgcal:maperror" : "false",
          "observe:proprietaryMonths" : "0",
          "instrument:ccdXBinning" : "2",
          "instrument:builtinROI" : "Full Frame Readout",
          "observe:coadds" : "1",
          "instrument:filter" : "None",
          "observe:exposureTime" : "2.0",
          "observe:class" : "partnerCal",
          "observe:status" : "ready",
          "instrument:disperser" : "R400_G5305",
          "telescope:guideWithOIWFS" : "guide",
          "observe:sciBand" : "4",
          "smartgcal:step" : "0",
          "ocs:obsConditions:CloudCover" : "80",
          "totalTime" : 51300,
          "instrument:detectorManufacturer" : "HAMAMATSU",
          "metadata:complete" : "false",
          "smartgcal:keyProvider" : "edu.gemini.spModel.gemini.gmos.InstGmosNorth@6ec7605b",
          "ocs:programId" : "GN-2018A-Q-402",
          "instrument:instrument" : "GMOS-N"
        },
        {
          "ocs:obsConditions:WaterVapor" : "100",
          "instrument:mosPreimaging" : "No",
          "instrument:version" : "2009A-1",
          "calibration:exposureTime" : "2.0",
          "instrument:port" : "side-looking",
          "instrument:gainSetting" : "2",
          "instrument:useNS" : "false",
          "telescope:version" : "2009B-1",
          "instrument:fpu" : "Longslit 0.50 arcsec",
          "calibration:basecalDay" : "false",
          "ocs:obsConditions:ImageQuality" : "85",
          "calibration:basecalNight" : "true",
          "instrument:observingWavelength" : "0.520",
          "instrument:gainChoice" : "Low",
          "calibration:coadds" : "1",
          "observe:object" : "TCP J05074264+2447555",
          "instrument:posAngle" : "90.0",
          "calibration:diffuser" : "visible",
          "instrument:exposureTime" : "600.0",
          "telescope:Base:name" : "TCP J05074264+2447555",
          "telescope:guideWithPWFS1" : "park",
          "metadata:stepcount" : "2",
          "instrument:disperserOrder" : "1",
          "ocs:observationId" : "GN-2018A-Q-402-9",
          "instrument:ampReadMode" : "Slow",
          "instrument:stageMode" : "Follow in XY",
          "telescope:q" : "0.0",
          "ocs:obsConditions:SkyBackground" : "100",
          "instrument:dtaXOffset" : "0",
          "instrument:fpuMode" : "Builtin",
          "instrument:ampCount" : "Twelve",
          "calibration:lamp" : "5W Quartz Halogen",
          "observe:observeType" : "OBJECT",
          "metadata:spnodekey" : "40591e87-db47-483c-adcc-a1f8f1bb02a9,3bccfe6d-7ce2-4cad-b18a-076ec9237d5f,0cf1b823-2947-4ea7-9eaa-5599ef46fe3d",
          "instrument:disperserLambda" : "520.0",
          "calibration:shutter" : "Closed",
          "observe:dataLabel" : "GN-2018A-Q-402-9-002",
          "instrument:ccdYBinning" : "2",
          "observe:headerVisibility" : "PUBLIC",
          "telescope:guideWithPWFS2" : "park",
          "instrument:adc" : "No Correction",
          "calibration:filter" : "GMOS balance",
          "smartgcal:maperror" : "false",
          "observe:proprietaryMonths" : "12",
          "instrument:ccdXBinning" : "2",
          "instrument:builtinROI" : "Full Frame Readout",
          "observe:coadds" : "1",
          "instrument:filter" : "None",
          "observe:exposureTime" : "600.0",
          "observe:class" : "science",
          "observe:status" : "ready",
          "instrument:disperser" : "R400_G5305",
          "telescope:guideWithOIWFS" : "guide",
          "observe:sciBand" : "4",
          "telescope:p" : "0.0",
          "smartgcal:step" : "0",
          "ocs:obsConditions:CloudCover" : "80",
          "totalTime" : 649300,
          "instrument:detectorManufacturer" : "HAMAMATSU",
          "metadata:complete" : "false",
          "smartgcal:keyProvider" : "edu.gemini.spModel.gemini.gmos.InstGmosNorth@6ec7605b",
          "ocs:programId" : "GN-2018A-Q-402",
          "instrument:instrument" : "GMOS-N"
        },
        {
          "ocs:obsConditions:WaterVapor" : "100",
          "instrument:mosPreimaging" : "No",
          "instrument:version" : "2009A-1",
          "calibration:exposureTime" : "2.0",
          "instrument:port" : "side-looking",
          "instrument:gainSetting" : "2",
          "instrument:useNS" : "false",
          "telescope:version" : "2009B-1",
          "instrument:fpu" : "Longslit 0.50 arcsec",
          "calibration:basecalDay" : "false",
          "ocs:obsConditions:ImageQuality" : "85",
          "calibration:basecalNight" : "true",
          "instrument:observingWavelength" : "0.520",
          "instrument:gainChoice" : "Low",
          "calibration:coadds" : "1",
          "observe:object" : "TCP J05074264+2447555",
          "instrument:posAngle" : "90.0",
          "calibration:diffuser" : "visible",
          "instrument:exposureTime" : "600.0",
          "telescope:Base:name" : "TCP J05074264+2447555",
          "telescope:guideWithPWFS1" : "park",
          "metadata:stepcount" : "3",
          "instrument:disperserOrder" : "1",
          "ocs:observationId" : "GN-2018A-Q-402-9",
          "instrument:ampReadMode" : "Slow",
          "instrument:stageMode" : "Follow in XY",
          "telescope:q" : "15.0",
          "ocs:obsConditions:SkyBackground" : "100",
          "instrument:dtaXOffset" : "0",
          "instrument:fpuMode" : "Builtin",
          "instrument:ampCount" : "Twelve",
          "calibration:lamp" : "5W Quartz Halogen",
          "observe:observeType" : "OBJECT",
          "metadata:spnodekey" : "40591e87-db47-483c-adcc-a1f8f1bb02a9,3bccfe6d-7ce2-4cad-b18a-076ec9237d5f,0cf1b823-2947-4ea7-9eaa-5599ef46fe3d",
          "instrument:disperserLambda" : "520.0",
          "calibration:shutter" : "Closed",
          "observe:dataLabel" : "GN-2018A-Q-402-9-003",
          "instrument:ccdYBinning" : "2",
          "observe:headerVisibility" : "PUBLIC",
          "telescope:guideWithPWFS2" : "park",
          "instrument:adc" : "No Correction",
          "calibration:filter" : "GMOS balance",
          "smartgcal:maperror" : "false",
          "observe:proprietaryMonths" : "12",
          "instrument:ccdXBinning" : "2",
          "instrument:builtinROI" : "Full Frame Readout",
          "observe:coadds" : "1",
          "instrument:filter" : "None",
          "observe:exposureTime" : "600.0",
          "observe:class" : "science",
          "observe:status" : "ready",
          "instrument:disperser" : "R400_G5305",
          "telescope:guideWithOIWFS" : "guide",
          "observe:sciBand" : "4",
          "telescope:p" : "0.0",
          "smartgcal:step" : "0",
          "ocs:obsConditions:CloudCover" : "80",
          "totalTime" : 641394,
          "instrument:detectorManufacturer" : "HAMAMATSU",
          "metadata:complete" : "false",
          "smartgcal:keyProvider" : "edu.gemini.spModel.gemini.gmos.InstGmosNorth@6ec7605b",
          "ocs:programId" : "GN-2018A-Q-402",
          "instrument:instrument" : "GMOS-N"
        },
        {
          "ocs:obsConditions:WaterVapor" : "100",
          "instrument:mosPreimaging" : "No",
          "instrument:version" : "2009A-1",
          "calibration:exposureTime" : "2.0",
          "instrument:port" : "side-looking",
          "instrument:gainSetting" : "2",
          "instrument:useNS" : "false",
          "telescope:version" : "2009B-1",
          "instrument:fpu" : "Longslit 0.50 arcsec",
          "calibration:basecalDay" : "false",
          "ocs:obsConditions:ImageQuality" : "85",
          "calibration:basecalNight" : "true",
          "instrument:observingWavelength" : "0.520",
          "instrument:gainChoice" : "Low",
          "calibration:coadds" : "1",
          "observe:object" : "GCALflat",
          "instrument:posAngle" : "90.0",
          "calibration:diffuser" : "visible",
          "instrument:exposureTime" : "600.0",
          "telescope:Base:name" : "TCP J05074264+2447555",
          "telescope:guideWithPWFS1" : "park",
          "metadata:stepcount" : "4",
          "instrument:disperserOrder" : "1",
          "ocs:observationId" : "GN-2018A-Q-402-9",
          "instrument:ampReadMode" : "Slow",
          "instrument:stageMode" : "Follow in XY",
          "telescope:q" : "15.0",
          "ocs:obsConditions:SkyBackground" : "100",
          "instrument:dtaXOffset" : "0",
          "instrument:fpuMode" : "Builtin",
          "instrument:ampCount" : "Twelve",
          "calibration:lamp" : "5W Quartz Halogen",
          "observe:observeType" : "FLAT",
          "metadata:spnodekey" : "40591e87-db47-483c-adcc-a1f8f1bb02a9,a2229911-8584-450b-bd38-f07dbe101c60",
          "instrument:disperserLambda" : "520.0",
          "calibration:shutter" : "Closed",
          "observe:dataLabel" : "GN-2018A-Q-402-9-004",
          "instrument:ccdYBinning" : "2",
          "observe:headerVisibility" : "PUBLIC",
          "telescope:guideWithPWFS2" : "park",
          "instrument:adc" : "No Correction",
          "calibration:filter" : "GMOS balance",
          "smartgcal:maperror" : "false",
          "observe:proprietaryMonths" : "0",
          "instrument:ccdXBinning" : "2",
          "instrument:builtinROI" : "Full Frame Readout",
          "observe:coadds" : "1",
          "instrument:filter" : "None",
          "observe:exposureTime" : "2.0",
          "observe:class" : "partnerCal",
          "observe:status" : "ready",
          "instrument:disperser" : "R400_G5305",
          "telescope:guideWithOIWFS" : "guide",
          "observe:sciBand" : "4",
          "telescope:p" : "0.0",
          "smartgcal:step" : "0",
          "ocs:obsConditions:CloudCover" : "80",
          "totalTime" : 51300,
          "instrument:detectorManufacturer" : "HAMAMATSU",
          "metadata:complete" : "false",
          "smartgcal:keyProvider" : "edu.gemini.spModel.gemini.gmos.InstGmosNorth@6ec7605b",
          "ocs:programId" : "GN-2018A-Q-402",
          "instrument:instrument" : "GMOS-N"
        },
        {
          "ocs:obsConditions:WaterVapor" : "100",
          "instrument:mosPreimaging" : "No",
          "instrument:version" : "2009A-1",
          "calibration:exposureTime" : "2.0",
          "instrument:port" : "side-looking",
          "instrument:gainSetting" : "2",
          "instrument:useNS" : "false",
          "telescope:version" : "2009B-1",
          "instrument:fpu" : "Longslit 0.50 arcsec",
          "calibration:basecalDay" : "false",
          "ocs:obsConditions:ImageQuality" : "85",
          "calibration:basecalNight" : "true",
          "instrument:observingWavelength" : "0.525",
          "instrument:gainChoice" : "Low",
          "calibration:coadds" : "1",
          "observe:object" : "GCALflat",
          "instrument:posAngle" : "90.0",
          "calibration:diffuser" : "visible",
          "instrument:exposureTime" : "600.0",
          "telescope:Base:name" : "TCP J05074264+2447555",
          "telescope:guideWithPWFS1" : "park",
          "metadata:stepcount" : "5",
          "instrument:disperserOrder" : "1",
          "ocs:observationId" : "GN-2018A-Q-402-9",
          "instrument:ampReadMode" : "Slow",
          "instrument:stageMode" : "Follow in XY",
          "telescope:q" : "15.0",
          "ocs:obsConditions:SkyBackground" : "100",
          "instrument:dtaXOffset" : "0",
          "instrument:fpuMode" : "Builtin",
          "instrument:ampCount" : "Twelve",
          "calibration:lamp" : "5W Quartz Halogen",
          "observe:observeType" : "FLAT",
          "metadata:spnodekey" : "0b6ca2e4-8f70-484b-94a3-6ce483b477e6,7df8ff0b-7f67-4c6a-81a0-3e42e403bcae",
          "instrument:disperserLambda" : "525.0",
          "calibration:shutter" : "Closed",
          "observe:dataLabel" : "GN-2018A-Q-402-9-005",
          "instrument:ccdYBinning" : "2",
          "observe:headerVisibility" : "PUBLIC",
          "telescope:guideWithPWFS2" : "park",
          "instrument:adc" : "No Correction",
          "calibration:filter" : "GMOS balance",
          "smartgcal:maperror" : "false",
          "observe:proprietaryMonths" : "0",
          "instrument:ccdXBinning" : "2",
          "instrument:builtinROI" : "Full Frame Readout",
          "observe:coadds" : "1",
          "instrument:filter" : "None",
          "observe:exposureTime" : "2.0",
          "observe:class" : "partnerCal",
          "observe:status" : "ready",
          "instrument:disperser" : "R400_G5305",
          "telescope:guideWithOIWFS" : "guide",
          "observe:sciBand" : "4",
          "telescope:p" : "0.0",
          "smartgcal:step" : "0",
          "ocs:obsConditions:CloudCover" : "80",
          "totalTime" : 36300,
          "instrument:detectorManufacturer" : "HAMAMATSU",
          "metadata:complete" : "false",
          "smartgcal:keyProvider" : "edu.gemini.spModel.gemini.gmos.InstGmosNorth@6ec7605b",
          "ocs:programId" : "GN-2018A-Q-402",
          "instrument:instrument" : "GMOS-N"
        },
        {
          "ocs:obsConditions:WaterVapor" : "100",
          "instrument:mosPreimaging" : "No",
          "instrument:version" : "2009A-1",
          "calibration:exposureTime" : "2.0",
          "instrument:port" : "side-looking",
          "instrument:gainSetting" : "2",
          "instrument:useNS" : "false",
          "telescope:version" : "2009B-1",
          "instrument:fpu" : "Longslit 0.50 arcsec",
          "calibration:basecalDay" : "false",
          "ocs:obsConditions:ImageQuality" : "85",
          "calibration:basecalNight" : "true",
          "instrument:observingWavelength" : "0.525",
          "instrument:gainChoice" : "Low",
          "calibration:coadds" : "1",
          "observe:object" : "TCP J05074264+2447555",
          "instrument:posAngle" : "90.0",
          "calibration:diffuser" : "visible",
          "instrument:exposureTime" : "600.0",
          "telescope:Base:name" : "TCP J05074264+2447555",
          "telescope:guideWithPWFS1" : "park",
          "metadata:stepcount" : "6",
          "instrument:disperserOrder" : "1",
          "ocs:observationId" : "GN-2018A-Q-402-9",
          "instrument:ampReadMode" : "Slow",
          "instrument:stageMode" : "Follow in XY",
          "telescope:q" : "15.0",
          "ocs:obsConditions:SkyBackground" : "100",
          "instrument:dtaXOffset" : "0",
          "instrument:fpuMode" : "Builtin",
          "instrument:ampCount" : "Twelve",
          "calibration:lamp" : "5W Quartz Halogen",
          "observe:observeType" : "OBJECT",
          "metadata:spnodekey" : "0b6ca2e4-8f70-484b-94a3-6ce483b477e6,9bd6fa30-9549-4ef8-a6f7-6701c46826eb,e811d7ce-2688-4d93-b31f-5fc3360cfaa9",
          "instrument:disperserLambda" : "525.0",
          "calibration:shutter" : "Closed",
          "observe:dataLabel" : "GN-2018A-Q-402-9-006",
          "instrument:ccdYBinning" : "2",
          "observe:headerVisibility" : "PUBLIC",
          "telescope:guideWithPWFS2" : "park",
          "instrument:adc" : "No Correction",
          "calibration:filter" : "GMOS balance",
          "smartgcal:maperror" : "false",
          "observe:proprietaryMonths" : "12",
          "instrument:ccdXBinning" : "2",
          "instrument:builtinROI" : "Full Frame Readout",
          "observe:coadds" : "1",
          "instrument:filter" : "None",
          "observe:exposureTime" : "600.0",
          "observe:class" : "science",
          "observe:status" : "ready",
          "instrument:disperser" : "R400_G5305",
          "telescope:guideWithOIWFS" : "guide",
          "observe:sciBand" : "4",
          "telescope:p" : "0.0",
          "smartgcal:step" : "0",
          "ocs:obsConditions:CloudCover" : "80",
          "totalTime" : 649300,
          "instrument:detectorManufacturer" : "HAMAMATSU",
          "metadata:complete" : "false",
          "smartgcal:keyProvider" : "edu.gemini.spModel.gemini.gmos.InstGmosNorth@6ec7605b",
          "ocs:programId" : "GN-2018A-Q-402",
          "instrument:instrument" : "GMOS-N"
        },
        {
          "ocs:obsConditions:WaterVapor" : "100",
          "instrument:mosPreimaging" : "No",
          "instrument:version" : "2009A-1",
          "calibration:exposureTime" : "2.0",
          "instrument:port" : "side-looking",
          "instrument:gainSetting" : "2",
          "instrument:useNS" : "false",
          "telescope:version" : "2009B-1",
          "instrument:fpu" : "Longslit 0.50 arcsec",
          "calibration:basecalDay" : "false",
          "ocs:obsConditions:ImageQuality" : "85",
          "calibration:basecalNight" : "true",
          "instrument:observingWavelength" : "0.525",
          "instrument:gainChoice" : "Low",
          "calibration:coadds" : "1",
          "observe:object" : "TCP J05074264+2447555",
          "instrument:posAngle" : "90.0",
          "calibration:diffuser" : "visible",
          "instrument:exposureTime" : "600.0",
          "telescope:Base:name" : "TCP J05074264+2447555",
          "telescope:guideWithPWFS1" : "park",
          "metadata:stepcount" : "7",
          "instrument:disperserOrder" : "1",
          "ocs:observationId" : "GN-2018A-Q-402-9",
          "instrument:ampReadMode" : "Slow",
          "instrument:stageMode" : "Follow in XY",
          "telescope:q" : "0.0",
          "ocs:obsConditions:SkyBackground" : "100",
          "instrument:dtaXOffset" : "0",
          "instrument:fpuMode" : "Builtin",
          "instrument:ampCount" : "Twelve",
          "calibration:lamp" : "5W Quartz Halogen",
          "observe:observeType" : "OBJECT",
          "metadata:spnodekey" : "0b6ca2e4-8f70-484b-94a3-6ce483b477e6,9bd6fa30-9549-4ef8-a6f7-6701c46826eb,e811d7ce-2688-4d93-b31f-5fc3360cfaa9",
          "instrument:disperserLambda" : "525.0",
          "calibration:shutter" : "Closed",
          "observe:dataLabel" : "GN-2018A-Q-402-9-007",
          "instrument:ccdYBinning" : "2",
          "observe:headerVisibility" : "PUBLIC",
          "telescope:guideWithPWFS2" : "park",
          "instrument:adc" : "No Correction",
          "calibration:filter" : "GMOS balance",
          "smartgcal:maperror" : "false",
          "observe:proprietaryMonths" : "12",
          "instrument:ccdXBinning" : "2",
          "instrument:builtinROI" : "Full Frame Readout",
          "observe:coadds" : "1",
          "instrument:filter" : "None",
          "observe:exposureTime" : "600.0",
          "observe:class" : "science",
          "observe:status" : "ready",
          "instrument:disperser" : "R400_G5305",
          "telescope:guideWithOIWFS" : "guide",
          "observe:sciBand" : "4",
          "telescope:p" : "0.0",
          "smartgcal:step" : "0",
          "ocs:obsConditions:CloudCover" : "80",
          "totalTime" : 641394,
          "instrument:detectorManufacturer" : "HAMAMATSU",
          "metadata:complete" : "false",
          "smartgcal:keyProvider" : "edu.gemini.spModel.gemini.gmos.InstGmosNorth@6ec7605b",
          "ocs:programId" : "GN-2018A-Q-402",
          "instrument:instrument" : "GMOS-N"
        },
        {
          "ocs:obsConditions:WaterVapor" : "100",
          "instrument:mosPreimaging" : "No",
          "instrument:version" : "2009A-1",
          "calibration:exposureTime" : "2.0",
          "instrument:port" : "side-looking",
          "instrument:gainSetting" : "2",
          "instrument:useNS" : "false",
          "telescope:version" : "2009B-1",
          "instrument:fpu" : "Longslit 0.50 arcsec",
          "calibration:basecalDay" : "false",
          "ocs:obsConditions:ImageQuality" : "85",
          "calibration:basecalNight" : "true",
          "instrument:observingWavelength" : "0.525",
          "instrument:gainChoice" : "Low",
          "calibration:coadds" : "1",
          "observe:object" : "GCALflat",
          "instrument:posAngle" : "90.0",
          "calibration:diffuser" : "visible",
          "instrument:exposureTime" : "600.0",
          "telescope:Base:name" : "TCP J05074264+2447555",
          "telescope:guideWithPWFS1" : "park",
          "metadata:stepcount" : "8",
          "instrument:disperserOrder" : "1",
          "ocs:observationId" : "GN-2018A-Q-402-9",
          "instrument:ampReadMode" : "Slow",
          "instrument:stageMode" : "Follow in XY",
          "telescope:q" : "0.0",
          "ocs:obsConditions:SkyBackground" : "100",
          "instrument:dtaXOffset" : "0",
          "instrument:fpuMode" : "Builtin",
          "instrument:ampCount" : "Twelve",
          "calibration:lamp" : "5W Quartz Halogen",
          "observe:observeType" : "FLAT",
          "metadata:spnodekey" : "0b6ca2e4-8f70-484b-94a3-6ce483b477e6,726792c4-2c8f-48b5-884b-83875b3ba4c0",
          "instrument:disperserLambda" : "525.0",
          "calibration:shutter" : "Closed",
          "observe:dataLabel" : "GN-2018A-Q-402-9-008",
          "instrument:ccdYBinning" : "2",
          "observe:headerVisibility" : "PUBLIC",
          "telescope:guideWithPWFS2" : "park",
          "instrument:adc" : "No Correction",
          "calibration:filter" : "GMOS balance",
          "smartgcal:maperror" : "false",
          "observe:proprietaryMonths" : "0",
          "instrument:ccdXBinning" : "2",
          "instrument:builtinROI" : "Full Frame Readout",
          "observe:coadds" : "1",
          "instrument:filter" : "None",
          "observe:exposureTime" : "2.0",
          "observe:class" : "partnerCal",
          "observe:status" : "ready",
          "instrument:disperser" : "R400_G5305",
          "telescope:guideWithOIWFS" : "guide",
          "observe:sciBand" : "4",
          "telescope:p" : "0.0",
          "smartgcal:step" : "0",
          "ocs:obsConditions:CloudCover" : "80",
          "totalTime" : 51300,
          "instrument:detectorManufacturer" : "HAMAMATSU",
          "metadata:complete" : "false",
          "smartgcal:keyProvider" : "edu.gemini.spModel.gemini.gmos.InstGmosNorth@6ec7605b",
          "ocs:programId" : "GN-2018A-Q-402",
          "instrument:instrument" : "GMOS-N"
        }
      ],
      "SCHEDULING_CONDITIONS-2" : {
        "elevationConstraintType" : "None",
        "timingWindows" : [],
        "wv" : "Any",
        "key" : "fd3bc789-77ea-4cf0-937b-0fda48514db8",
        "sb" : "Any/Bright",
        "elevationConstraintMin" : 0.0,
        "elevationConstraintMax" : 0.0,
        "cc" : "80%/Cloudy",
        "iq" : "85%/Poor"
      },
      "TELESCOPE_TARGETENV-3" : {
        "userTargets" : [],
        "primaryIndex" : 0,
        "base" : {
          "name" : "TCP J05074264+2447555",
          "tag" : "sidereal",
          "spatialProfile" : {
            "type" : "pointSource"
          },
          "ra" : "05:07:42.640",
          "magnitudes" : [
            {
              "name" : "V",
              "value" : 14.100000381469727,
              "system" : "Vega"
            }
          ],
          "type" : "Base",
          "dec" : "24:47:55.50",
          "spectralDistribution" : {
            "type" : "libraryStar",
            "sedSpectrum" : "A0V"
          }
        },
        "key" : "45fd4c04-8459-4e15-9519-36d60af10e8e",
        "guideGroups" : [
          {
            "name" : "auto",
            "tag" : "auto",
            "primaryGroup" : true,
            "guideProbe" : [
              {
                "guideProbeKey" : "GMOS OIWFS",
                "target" : {
                  "name" : "575-014161",
                  "epoch" : 2000.0,
                  "tag" : "sidereal",
                  "deltara" : 0.0,
                  "deltadec" : 0.0,
                  "ra" : "05:07:44.851",
                  "magnitudes" : [
                    {
                      "name" : "B",
                      "value" : 14.119,
                      "system" : "Vega"
                    },
                    {
                      "name" : "g",
                      "value" : 13.533,
                      "system" : "AB"
                    },
                    {
                      "name" : "V",
                      "value" : 12.952,
                      "system" : "Vega"
                    },
                    {
                      "name" : "UC",
                      "value" : 13.233,
                      "system" : "Vega"
                    },
                    {
                      "name" : "r",
                      "value" : 12.518,
                      "system" : "AB"
                    },
                    {
                      "name" : "i",
                      "value" : 12.402,
                      "system" : "AB"
                    },
                    {
                      "name" : "J",
                      "value" : 11.453,
                      "system" : "Vega"
                    },
                    {
                      "name" : "H",
                      "value" : 10.902,
                      "system" : "Vega"
                    },
                    {
                      "name" : "K",
                      "value" : 10.783,
                      "system" : "Vega"
                    }
                  ],
                  "type" : "GuideStar",
                  "dec" : "24:49:14.45"
                }
              }
            ]
          }
        ]
      },
      "tooOverrideRapid" : false,
      "obsClass" : "science",
      "INFO_NOTE-0" : {
        "title" : "Description",
        "text" : "This template shows a longslit science observation with GCAL flats mixed in.\n\nIt is assumed that GMOS is mounted on the side-looking ISS port.\n\nThe instrument is configured based on the Phase I resource selections.\nAn offset sequence nods the target along the slit by 15 arcsec (Q offsets).  \nA GMOS-N iterator dithers the grating spectrally in 2 wavelength settings in \norder to cover the gap between the CCDs and get full wavelength coverage.\n\nThe smartGCAL flats will automatically choose the best exposure \ntime for the given instrument configuration.\n\nThe other required observations for a Longslit program include:\n\nLongslit: Acquisition\nLongslit: Science\n\nand the Baseline Calibrations include:\n\nLongslit: Baseline CuAr\nLongslit: Baseline Standard Acquisition\nLongslit: Baseline Standard with GCALflats\nLongslit: Baseline Standard CuAr \nLongslit: Baseline Twilight flat\n\n\n",
        "key" : "080e6ca5-407e-4011-98e8-d4d2639b7d70"
      },
      "title" : "Longslit: Science with GCALflats",
      "qaState" : "UNDEFINED",
      "phase2Status" : "Prepared"
    }
  },
  "investigators" : [
    {
      "investigatorFirstName" : "Lukasz",
      "investigatorLastName" : "Wyrzykowski",
      "investigatorEmail" : "lw@astrouw.edu.pl"
    },
    {
      "investigatorFirstName" : "Mariusz",
      "investigatorLastName" : "Gromadzki",
      "investigatorEmail" : "marg@astrouw.edu.pl"
    },
    {
      "investigatorFirstName" : "Krzysztof",
      "investigatorLastName" : "Rybicki",
      "investigatorEmail" : "krybicki@astrouw.edu.pl"
    },
    {
      "investigatorFirstName" : "Katarzyna",
      "investigatorLastName" : "Kruszynska",
      "investigatorEmail" : "kkruszynska@astrouw.edu.pl"
    },
    {
      "investigatorFirstName" : "Przemyslaw",
      "investigatorLastName" : "Mroz",
      "investigatorEmail" : "pmroz@astrouw.edu.pl"
    }
  ],
  "affiliate" : "Gemini Staff",
  "piFirstName" : "André-Nicolas"
}}