{"PROGRAM_BASIC" : {
  "tooType" : "None",
  "isThesis" : true,
  "GROUP_GROUP_SCHEDULING-6" : {
    "name" : "Pristine184553.72- 283803.5 - [1] GRACES(SLOW, TWO_FIBER)",
    "key" : "4335b9f1-a3d6-4d65-91ad-8781fd70f963",
    "INFO_NOTE-1" : {
      "title" : "GRACES set-up",
      "text" : "Spectral mode : 2 fiber mode.\nreadout mode: Slow\nCentral wavelength: 500nm\n",
      "key" : "c4176ef9-0114-456a-96eb-b5c5552d80e5"
    },
    "INFO_NOTE-0" : {
      "title" : "How to prepare your program",
      "text" : "DO NOT EDIT ANYTHING OTHER THAN LISTED BELOW\n\nAcquisition:\n 1. In the \"GMOS-N\" component, write the exposure time for your science and set the Position Angle (PA).\n 2. Go to \"GMOS-N: Set Exp. Time, Filter and Ctrl Wvl\". It is under \"Sequence\" -> \"GMOS-N: GRACES Acquisition\" -> \"Offset\".\n 3. In the field \"Filter\", select the filter for the acquisition.\n 4. In the field \"Exposure time\", set the exposure time for the acquisition that corresponds to the magnitude of your target. \n     In case of targets brighter than 11 mag  (in V or R), the exposure time is 2s. In case of fainter targets, read the nore \"Acquisition exposure times\".\n 5. In the field \"Ctrl Wvl\", set the central wavelength for your science.\n\nScience:\n 6. Now, go under \"GMOS-N: GRACES Science\" -> \"Offset\" (itself under \"Sequence\").\n 7. In the component \"Observe\", set the number of frames you want to observe.\n\nOther:\n 8. If you want a ThAr spectrum to be observed during the night together with your science spectrum, please add a \"GMOS-N: ThAr\" component. See also the EXAMPLESin the GRACES Library:  Go to OT File-> Open -> Select the check box 'Libs' -> Select and open the program \"GN-GRACES-library\"). \n Make sure to use the ThAr component that corresponds to your choice of spectral mode.\n\n 9. Please fill out the GRACES set-up note.\n\nDO NOT EDIT ANYTHING ELSE\n\nMore information can be found at \nhttp://www.gemini.edu/sciops/instruments/graces/observation-preparation/graces-ot-details-0\n\nKC - 16 Oct 2017.",
      "key" : "12e89517-1df8-4358-93cc-b85e97f92d76"
    },
    "OBSERVATION_BASIC-2" : {
      "priority" : "High",
      "setupTime" : 360000,
      "obsLog" : [],
      "setupTimeType" : "FULL",
      "obsStatus" : "READY",
      "observationId" : "GN-2018A-Q-305-4",
      "key" : "c32871ec-b61c-4b64-a650-726f6a69a1fa",
      "sequence" : [
        {
          "ocs:obsConditions:WaterVapor" : "100",
          "instrument:customROI1Xmin" : "2172",
          "instrument:mosPreimaging" : "No",
          "instrument:version" : "2009A-1",
          "instrument:port" : "side-looking",
          "instrument:gainSetting" : "6",
          "instrument:useNS" : "false",
          "instrument:customROI1Yrange" : "1100",
          "telescope:version" : "2009B-1",
          "instrument:fpu" : "None",
          "ocs:obsConditions:ImageQuality" : "85",
          "instrument:observingWavelength" : "0.630",
          "instrument:gainChoice" : "Low",
          "observe:object" : "Pristine184553.72- 283803.5",
          "instrument:posAngle" : "180.0",
          "instrument:exposureTime" : "10.0",
          "instrument:customROI1Xrange" : "1800",
          "telescope:Base:name" : "Pristine184553.72- 283803.5",
          "telescope:guideWithPWFS1" : "park",
          "metadata:stepcount" : "1",
          "instrument:disperserOrder" : "1",
          "ocs:observationId" : "GN-2018A-Q-305-4",
          "instrument:ampReadMode" : "Fast",
          "instrument:stageMode" : "Follow in XY",
          "telescope:q" : "-9.5",
          "ocs:obsConditions:SkyBackground" : "100",
          "instrument:dtaXOffset" : "0",
          "instrument:fpuMode" : "Builtin",
          "instrument:ampCount" : "Twelve",
          "observe:observeType" : "OBJECT",
          "metadata:spnodekey" : "288ac3e1-f4db-43a4-9735-36fdffbcc94d,d0a3eff3-a574-4823-8153-0717f73397eb,fd423a89-9653-4bb1-ada2-d412b8820dff,71924bf2-42e6-47cc-ae55-cec69a336534",
          "instrument:disperserLambda" : "500.0",
          "observe:dataLabel" : "GN-2018A-Q-305-4-001",
          "instrument:ccdYBinning" : "1",
          "observe:headerVisibility" : "PUBLIC",
          "telescope:guideWithPWFS2" : "park",
          "instrument:adc" : "No Correction",
          "smartgcal:maperror" : "false",
          "observe:proprietaryMonths" : "12",
          "instrument:ccdXBinning" : "1",
          "instrument:builtinROI" : "Custom ROI",
          "instrument:filter" : "r_G0303",
          "observe:exposureTime" : "10.0",
          "observe:class" : "acq",
          "observe:status" : "ready",
          "instrument:customROI1Ymin" : "1570",
          "instrument:disperser" : "Mirror",
          "telescope:guideWithOIWFS" : "guide",
          "observe:sciBand" : "3",
          "telescope:p" : "23.6",
          "ocs:obsConditions:CloudCover" : "80",
          "totalTime" : 37378,
          "instrument:detectorManufacturer" : "HAMAMATSU",
          "metadata:complete" : "false",
          "smartgcal:keyProvider" : "edu.gemini.spModel.gemini.gmos.InstGmosNorth@3c76ef51",
          "ocs:programId" : "GN-2018A-Q-305",
          "instrument:instrument" : "GMOS-N"
        },
        {
          "ocs:obsConditions:WaterVapor" : "100",
          "instrument:customROI1Xmin" : "2172",
          "instrument:mosPreimaging" : "No",
          "instrument:version" : "2009A-1",
          "instrument:port" : "side-looking",
          "instrument:gainSetting" : "6",
          "instrument:useNS" : "false",
          "instrument:customROI1Yrange" : "1100",
          "telescope:version" : "2009B-1",
          "instrument:fpu" : "None",
          "ocs:obsConditions:ImageQuality" : "85",
          "instrument:observingWavelength" : "0.630",
          "instrument:gainChoice" : "Low",
          "observe:object" : "Pristine184553.72- 283803.5",
          "instrument:posAngle" : "180.0",
          "instrument:exposureTime" : "10.0",
          "instrument:customROI1Xrange" : "1800",
          "telescope:Base:name" : "Pristine184553.72- 283803.5",
          "telescope:guideWithPWFS1" : "park",
          "metadata:stepcount" : "2",
          "instrument:disperserOrder" : "1",
          "ocs:observationId" : "GN-2018A-Q-305-4",
          "instrument:ampReadMode" : "Fast",
          "instrument:stageMode" : "Follow in XY",
          "telescope:q" : "-9.5",
          "ocs:obsConditions:SkyBackground" : "100",
          "instrument:dtaXOffset" : "0",
          "instrument:fpuMode" : "Builtin",
          "instrument:ampCount" : "Twelve",
          "observe:observeType" : "OBJECT",
          "metadata:spnodekey" : "288ac3e1-f4db-43a4-9735-36fdffbcc94d,d0a3eff3-a574-4823-8153-0717f73397eb,fd423a89-9653-4bb1-ada2-d412b8820dff,71924bf2-42e6-47cc-ae55-cec69a336534",
          "instrument:disperserLambda" : "500.0",
          "observe:dataLabel" : "GN-2018A-Q-305-4-002",
          "instrument:ccdYBinning" : "1",
          "observe:headerVisibility" : "PUBLIC",
          "telescope:guideWithPWFS2" : "park",
          "instrument:adc" : "No Correction",
          "smartgcal:maperror" : "false",
          "observe:proprietaryMonths" : "12",
          "instrument:ccdXBinning" : "1",
          "instrument:builtinROI" : "Custom ROI",
          "instrument:filter" : "r_G0303",
          "observe:exposureTime" : "10.0",
          "observe:class" : "acq",
          "observe:status" : "ready",
          "instrument:customROI1Ymin" : "1570",
          "instrument:disperser" : "Mirror",
          "telescope:guideWithOIWFS" : "guide",
          "observe:sciBand" : "3",
          "telescope:p" : "23.6",
          "ocs:obsConditions:CloudCover" : "80",
          "totalTime" : 30219,
          "instrument:detectorManufacturer" : "HAMAMATSU",
          "metadata:complete" : "false",
          "smartgcal:keyProvider" : "edu.gemini.spModel.gemini.gmos.InstGmosNorth@3c76ef51",
          "ocs:programId" : "GN-2018A-Q-305",
          "instrument:instrument" : "GMOS-N"
        },
        {
          "ocs:obsConditions:WaterVapor" : "100",
          "instrument:customROI1Xmin" : "2172",
          "instrument:mosPreimaging" : "No",
          "instrument:version" : "2009A-1",
          "instrument:port" : "side-looking",
          "instrument:gainSetting" : "6",
          "instrument:useNS" : "false",
          "instrument:customROI1Yrange" : "1100",
          "telescope:version" : "2009B-1",
          "instrument:fpu" : "None",
          "ocs:obsConditions:ImageQuality" : "85",
          "instrument:observingWavelength" : "0.630",
          "instrument:gainChoice" : "Low",
          "observe:object" : "Pristine184553.72- 283803.5",
          "instrument:posAngle" : "180.0",
          "instrument:exposureTime" : "10.0",
          "instrument:customROI1Xrange" : "1800",
          "telescope:Base:name" : "Pristine184553.72- 283803.5",
          "telescope:guideWithPWFS1" : "park",
          "metadata:stepcount" : "3",
          "instrument:disperserOrder" : "1",
          "ocs:observationId" : "GN-2018A-Q-305-4",
          "instrument:ampReadMode" : "Fast",
          "instrument:stageMode" : "Follow in XY",
          "telescope:q" : "-9.5",
          "ocs:obsConditions:SkyBackground" : "100",
          "instrument:dtaXOffset" : "0",
          "instrument:fpuMode" : "Builtin",
          "instrument:ampCount" : "Twelve",
          "observe:observeType" : "OBJECT",
          "metadata:spnodekey" : "288ac3e1-f4db-43a4-9735-36fdffbcc94d,d0a3eff3-a574-4823-8153-0717f73397eb,fd423a89-9653-4bb1-ada2-d412b8820dff,71924bf2-42e6-47cc-ae55-cec69a336534",
          "instrument:disperserLambda" : "500.0",
          "observe:dataLabel" : "GN-2018A-Q-305-4-003",
          "instrument:ccdYBinning" : "1",
          "observe:headerVisibility" : "PUBLIC",
          "telescope:guideWithPWFS2" : "park",
          "instrument:adc" : "No Correction",
          "smartgcal:maperror" : "false",
          "observe:proprietaryMonths" : "12",
          "instrument:ccdXBinning" : "1",
          "instrument:builtinROI" : "Custom ROI",
          "instrument:filter" : "r_G0303",
          "observe:exposureTime" : "10.0",
          "observe:class" : "acq",
          "observe:status" : "ready",
          "instrument:customROI1Ymin" : "1570",
          "instrument:disperser" : "Mirror",
          "telescope:guideWithOIWFS" : "guide",
          "observe:sciBand" : "3",
          "telescope:p" : "23.6",
          "ocs:obsConditions:CloudCover" : "80",
          "totalTime" : 30219,
          "instrument:detectorManufacturer" : "HAMAMATSU",
          "metadata:complete" : "false",
          "smartgcal:keyProvider" : "edu.gemini.spModel.gemini.gmos.InstGmosNorth@3c76ef51",
          "ocs:programId" : "GN-2018A-Q-305",
          "instrument:instrument" : "GMOS-N"
        },
        {
          "ocs:obsConditions:WaterVapor" : "100",
          "instrument:customROI1Xmin" : "2172",
          "instrument:mosPreimaging" : "No",
          "instrument:version" : "2009A-1",
          "instrument:port" : "side-looking",
          "instrument:gainSetting" : "6",
          "instrument:useNS" : "false",
          "instrument:customROI1Yrange" : "1100",
          "telescope:version" : "2009B-1",
          "instrument:fpu" : "IFU Left Slit (blue)",
          "ocs:obsConditions:ImageQuality" : "85",
          "instrument:observingWavelength" : "0.500",
          "instrument:gainChoice" : "Low",
          "observe:object" : "Pristine184553.72- 283803.5",
          "instrument:posAngle" : "180.0",
          "instrument:exposureTime" : "60.0",
          "instrument:customROI1Xrange" : "1800",
          "telescope:Base:name" : "Pristine184553.72- 283803.5",
          "telescope:guideWithPWFS1" : "park",
          "metadata:stepcount" : "4",
          "instrument:disperserOrder" : "1",
          "ocs:observationId" : "GN-2018A-Q-305-4",
          "instrument:ampReadMode" : "Fast",
          "instrument:stageMode" : "Follow in XY",
          "telescope:q" : "-9.5",
          "ocs:obsConditions:SkyBackground" : "100",
          "instrument:dtaXOffset" : "0",
          "instrument:fpuMode" : "Builtin",
          "instrument:ampCount" : "Twelve",
          "observe:observeType" : "OBJECT",
          "metadata:spnodekey" : "288ac3e1-f4db-43a4-9735-36fdffbcc94d,d0a3eff3-a574-4823-8153-0717f73397eb,2011fa1f-3e23-4357-8798-5c4f442c254a,2b898951-a08e-4b32-bba1-22bd181a84f0",
          "instrument:disperserLambda" : "500.0",
          "observe:dataLabel" : "GN-2018A-Q-305-4-004",
          "instrument:ccdYBinning" : "1",
          "observe:headerVisibility" : "PUBLIC",
          "telescope:guideWithPWFS2" : "park",
          "instrument:adc" : "No Correction",
          "smartgcal:maperror" : "false",
          "observe:proprietaryMonths" : "12",
          "instrument:ccdXBinning" : "1",
          "instrument:builtinROI" : "Custom ROI",
          "instrument:filter" : "r_G0303",
          "observe:exposureTime" : "60.0",
          "observe:class" : "science",
          "observe:status" : "ready",
          "instrument:customROI1Ymin" : "1570",
          "instrument:disperser" : "B600_G5307",
          "telescope:guideWithOIWFS" : "guide",
          "observe:sciBand" : "3",
          "telescope:p" : "23.6",
          "ocs:obsConditions:CloudCover" : "80",
          "totalTime" : 170219,
          "instrument:detectorManufacturer" : "HAMAMATSU",
          "metadata:complete" : "false",
          "smartgcal:keyProvider" : "edu.gemini.spModel.gemini.gmos.InstGmosNorth@3c76ef51",
          "ocs:programId" : "GN-2018A-Q-305",
          "instrument:instrument" : "GMOS-N"
        },
        {
          "ocs:obsConditions:WaterVapor" : "100",
          "instrument:customROI1Xmin" : "2172",
          "instrument:mosPreimaging" : "No",
          "instrument:version" : "2009A-1",
          "instrument:port" : "side-looking",
          "instrument:gainSetting" : "1",
          "instrument:useNS" : "false",
          "instrument:customROI1Yrange" : "1100",
          "telescope:version" : "2009B-1",
          "instrument:fpu" : "IFU Left Slit (blue)",
          "ocs:obsConditions:ImageQuality" : "85",
          "instrument:observingWavelength" : "0.478",
          "instrument:gainChoice" : "High",
          "observe:object" : "Pristine184553.72- 283803.5",
          "instrument:posAngle" : "180.0",
          "instrument:exposureTime" : "2150.0",
          "instrument:customROI1Xrange" : "1800",
          "telescope:Base:name" : "Pristine184553.72- 283803.5",
          "telescope:guideWithPWFS1" : "park",
          "metadata:stepcount" : "5",
          "instrument:disperserOrder" : "1",
          "ocs:observationId" : "GN-2018A-Q-305-4",
          "instrument:ampReadMode" : "Slow",
          "instrument:stageMode" : "Follow in XY",
          "telescope:q" : "-9.5",
          "ocs:obsConditions:SkyBackground" : "100",
          "instrument:dtaXOffset" : "0",
          "instrument:fpuMode" : "Builtin",
          "instrument:ampCount" : "Twelve",
          "observe:observeType" : "OBJECT",
          "metadata:spnodekey" : "d6333c77-6131-4a9e-950e-188ce328705e,016c08dd-17ea-47e1-981d-617463a51315,4fcded27-fe40-435d-bf70-7c873629fad8",
          "instrument:disperserLambda" : "550.0",
          "observe:dataLabel" : "GN-2018A-Q-305-4-005",
          "instrument:ccdYBinning" : "1",
          "observe:headerVisibility" : "PUBLIC",
          "telescope:guideWithPWFS2" : "park",
          "instrument:adc" : "No Correction",
          "smartgcal:maperror" : "false",
          "observe:proprietaryMonths" : "12",
          "instrument:ccdXBinning" : "1",
          "instrument:builtinROI" : "Full Frame Readout",
          "instrument:filter" : "HeIIC_G0321",
          "observe:exposureTime" : "2150.0",
          "observe:class" : "science",
          "observe:status" : "ready",
          "instrument:customROI1Ymin" : "1570",
          "instrument:disperser" : "Mirror",
          "telescope:guideWithOIWFS" : "guide",
          "observe:sciBand" : "3",
          "telescope:p" : "23.6",
          "ocs:obsConditions:CloudCover" : "80",
          "totalTime" : 2280000,
          "instrument:detectorManufacturer" : "HAMAMATSU",
          "metadata:complete" : "false",
          "smartgcal:keyProvider" : "edu.gemini.spModel.gemini.gmos.InstGmosNorth@3c76ef51",
          "ocs:programId" : "GN-2018A-Q-305",
          "instrument:instrument" : "GMOS-N"
        },
        {
          "ocs:obsConditions:WaterVapor" : "100",
          "instrument:customROI1Xmin" : "2172",
          "instrument:mosPreimaging" : "No",
          "instrument:version" : "2009A-1",
          "instrument:port" : "side-looking",
          "instrument:gainSetting" : "1",
          "instrument:useNS" : "false",
          "instrument:customROI1Yrange" : "1100",
          "telescope:version" : "2009B-1",
          "instrument:fpu" : "IFU Left Slit (blue)",
          "ocs:obsConditions:ImageQuality" : "85",
          "instrument:observingWavelength" : "0.478",
          "instrument:gainChoice" : "High",
          "observe:object" : "Pristine184553.72- 283803.5",
          "instrument:posAngle" : "180.0",
          "instrument:exposureTime" : "2150.0",
          "instrument:customROI1Xrange" : "1800",
          "telescope:Base:name" : "Pristine184553.72- 283803.5",
          "telescope:guideWithPWFS1" : "park",
          "metadata:stepcount" : "6",
          "instrument:disperserOrder" : "1",
          "ocs:observationId" : "GN-2018A-Q-305-4",
          "instrument:ampReadMode" : "Slow",
          "instrument:stageMode" : "Follow in XY",
          "telescope:q" : "-9.5",
          "ocs:obsConditions:SkyBackground" : "100",
          "instrument:dtaXOffset" : "0",
          "instrument:fpuMode" : "Builtin",
          "instrument:ampCount" : "Twelve",
          "observe:observeType" : "OBJECT",
          "metadata:spnodekey" : "d6333c77-6131-4a9e-950e-188ce328705e,016c08dd-17ea-47e1-981d-617463a51315,4fcded27-fe40-435d-bf70-7c873629fad8",
          "instrument:disperserLambda" : "550.0",
          "observe:dataLabel" : "GN-2018A-Q-305-4-006",
          "instrument:ccdYBinning" : "1",
          "observe:headerVisibility" : "PUBLIC",
          "telescope:guideWithPWFS2" : "park",
          "instrument:adc" : "No Correction",
          "smartgcal:maperror" : "false",
          "observe:proprietaryMonths" : "12",
          "instrument:ccdXBinning" : "1",
          "instrument:builtinROI" : "Full Frame Readout",
          "instrument:filter" : "HeIIC_G0321",
          "observe:exposureTime" : "2150.0",
          "observe:class" : "science",
          "observe:status" : "ready",
          "instrument:customROI1Ymin" : "1570",
          "instrument:disperser" : "Mirror",
          "telescope:guideWithOIWFS" : "guide",
          "observe:sciBand" : "3",
          "telescope:p" : "23.6",
          "ocs:obsConditions:CloudCover" : "80",
          "totalTime" : 2190000,
          "instrument:detectorManufacturer" : "HAMAMATSU",
          "metadata:complete" : "false",
          "smartgcal:keyProvider" : "edu.gemini.spModel.gemini.gmos.InstGmosNorth@3c76ef51",
          "ocs:programId" : "GN-2018A-Q-305",
          "instrument:instrument" : "GMOS-N"
        },
        {
          "ocs:obsConditions:WaterVapor" : "100",
          "instrument:customROI1Xmin" : "2172",
          "instrument:mosPreimaging" : "No",
          "instrument:version" : "2009A-1",
          "instrument:port" : "side-looking",
          "instrument:gainSetting" : "1",
          "instrument:useNS" : "false",
          "instrument:customROI1Yrange" : "1100",
          "telescope:version" : "2009B-1",
          "instrument:fpu" : "IFU Left Slit (blue)",
          "ocs:obsConditions:ImageQuality" : "85",
          "instrument:observingWavelength" : "0.478",
          "instrument:gainChoice" : "High",
          "observe:object" : "Pristine184553.72- 283803.5",
          "instrument:posAngle" : "180.0",
          "instrument:exposureTime" : "2150.0",
          "instrument:customROI1Xrange" : "1800",
          "telescope:Base:name" : "Pristine184553.72- 283803.5",
          "telescope:guideWithPWFS1" : "park",
          "metadata:stepcount" : "7",
          "instrument:disperserOrder" : "1",
          "ocs:observationId" : "GN-2018A-Q-305-4",
          "instrument:ampReadMode" : "Slow",
          "instrument:stageMode" : "Follow in XY",
          "telescope:q" : "-9.5",
          "ocs:obsConditions:SkyBackground" : "100",
          "instrument:dtaXOffset" : "0",
          "instrument:fpuMode" : "Builtin",
          "instrument:ampCount" : "Twelve",
          "observe:observeType" : "OBJECT",
          "metadata:spnodekey" : "d6333c77-6131-4a9e-950e-188ce328705e,016c08dd-17ea-47e1-981d-617463a51315,4fcded27-fe40-435d-bf70-7c873629fad8",
          "instrument:disperserLambda" : "550.0",
          "observe:dataLabel" : "GN-2018A-Q-305-4-007",
          "instrument:ccdYBinning" : "1",
          "observe:headerVisibility" : "PUBLIC",
          "telescope:guideWithPWFS2" : "park",
          "instrument:adc" : "No Correction",
          "smartgcal:maperror" : "false",
          "observe:proprietaryMonths" : "12",
          "instrument:ccdXBinning" : "1",
          "instrument:builtinROI" : "Full Frame Readout",
          "instrument:filter" : "HeIIC_G0321",
          "observe:exposureTime" : "2150.0",
          "observe:class" : "science",
          "observe:status" : "ready",
          "instrument:customROI1Ymin" : "1570",
          "instrument:disperser" : "Mirror",
          "telescope:guideWithOIWFS" : "guide",
          "observe:sciBand" : "3",
          "telescope:p" : "23.6",
          "ocs:obsConditions:CloudCover" : "80",
          "totalTime" : 2190000,
          "instrument:detectorManufacturer" : "HAMAMATSU",
          "metadata:complete" : "false",
          "smartgcal:keyProvider" : "edu.gemini.spModel.gemini.gmos.InstGmosNorth@3c76ef51",
          "ocs:programId" : "GN-2018A-Q-305",
          "instrument:instrument" : "GMOS-N"
        },
        {
          "ocs:obsConditions:WaterVapor" : "100",
          "instrument:customROI1Xmin" : "2172",
          "instrument:mosPreimaging" : "No",
          "instrument:version" : "2009A-1",
          "instrument:port" : "side-looking",
          "instrument:gainSetting" : "1",
          "instrument:useNS" : "false",
          "instrument:customROI1Yrange" : "1100",
          "telescope:version" : "2009B-1",
          "instrument:fpu" : "IFU Left Slit (blue)",
          "ocs:obsConditions:ImageQuality" : "85",
          "instrument:observingWavelength" : "0.478",
          "instrument:gainChoice" : "High",
          "observe:object" : "Pristine184553.72- 283803.5",
          "instrument:posAngle" : "180.0",
          "instrument:exposureTime" : "2150.0",
          "instrument:customROI1Xrange" : "1800",
          "telescope:Base:name" : "Pristine184553.72- 283803.5",
          "telescope:guideWithPWFS1" : "park",
          "metadata:stepcount" : "8",
          "instrument:disperserOrder" : "1",
          "ocs:observationId" : "GN-2018A-Q-305-4",
          "instrument:ampReadMode" : "Slow",
          "instrument:stageMode" : "Follow in XY",
          "telescope:q" : "-9.5",
          "ocs:obsConditions:SkyBackground" : "100",
          "instrument:dtaXOffset" : "0",
          "instrument:fpuMode" : "Builtin",
          "instrument:ampCount" : "Twelve",
          "observe:observeType" : "OBJECT",
          "metadata:spnodekey" : "d6333c77-6131-4a9e-950e-188ce328705e,016c08dd-17ea-47e1-981d-617463a51315,4fcded27-fe40-435d-bf70-7c873629fad8",
          "instrument:disperserLambda" : "550.0",
          "observe:dataLabel" : "GN-2018A-Q-305-4-008",
          "instrument:ccdYBinning" : "1",
          "observe:headerVisibility" : "PUBLIC",
          "telescope:guideWithPWFS2" : "park",
          "instrument:adc" : "No Correction",
          "smartgcal:maperror" : "false",
          "observe:proprietaryMonths" : "12",
          "instrument:ccdXBinning" : "1",
          "instrument:builtinROI" : "Full Frame Readout",
          "instrument:filter" : "HeIIC_G0321",
          "observe:exposureTime" : "2150.0",
          "observe:class" : "science",
          "observe:status" : "ready",
          "instrument:customROI1Ymin" : "1570",
          "instrument:disperser" : "Mirror",
          "telescope:guideWithOIWFS" : "guide",
          "observe:sciBand" : "3",
          "telescope:p" : "23.6",
          "ocs:obsConditions:CloudCover" : "80",
          "totalTime" : 2190000,
          "instrument:detectorManufacturer" : "HAMAMATSU",
          "metadata:complete" : "false",
          "smartgcal:keyProvider" : "edu.gemini.spModel.gemini.gmos.InstGmosNorth@3c76ef51",
          "ocs:programId" : "GN-2018A-Q-305",
          "instrument:instrument" : "GMOS-N"
        }
      ],
      "SCHEDULING_CONDITIONS-2" : {
        "elevationConstraintType" : "None",
        "timingWindows" : [],
        "wv" : "Any",
        "key" : "26463a7f-f23e-4662-83e5-4154d6f975e1",
        "sb" : "Any/Bright",
        "elevationConstraintMin" : 0.0,
        "elevationConstraintMax" : 0.0,
        "cc" : "80%/Cloudy",
        "iq" : "85%/Poor"
      },
      "TELESCOPE_TARGETENV-3" : {
        "userTargets" : [],
        "primaryIndex" : 1,
        "base" : {
          "name" : "Pristine184553.72- 283803.5",
          "tag" : "sidereal",
          "ra" : "18:45:53.720",
          "magnitudes" : [
            {
              "name" : "V",
              "value" : 14.3,
              "system" : "Vega"
            }
          ],
          "type" : "Base",
          "dec" : "331:21:56.50"
        },
        "key" : "7bc20853-e10d-45dc-8959-87d831f4d346",
        "guideGroups" : [
          {
            "name" : "auto",
            "tag" : "auto",
            "primaryGroup" : false,
            "guideProbe" : [
              {
                "guideProbeKey" : "GMOS OIWFS",
                "target" : {
                  "name" : "307-246138",
                  "epoch" : 2000.0,
                  "tag" : "sidereal",
                  "deltara" : 15.1,
                  "deltadec" : 1.6,
                  "ra" : "18:45:52.870",
                  "magnitudes" : [
                    {
                      "name" : "B",
                      "value" : 11.295,
                      "system" : "Vega"
                    },
                    {
                      "name" : "V",
                      "value" : 10.24,
                      "system" : "Vega"
                    },
                    {
                      "name" : "UC",
                      "value" : 10.171,
                      "system" : "Vega"
                    },
                    {
                      "name" : "J",
                      "value" : 8.352,
                      "system" : "Vega"
                    },
                    {
                      "name" : "H",
                      "value" : 7.857,
                      "system" : "Vega"
                    },
                    {
                      "name" : "K",
                      "value" : 7.709,
                      "system" : "Vega"
                    }
                  ],
                  "type" : "GuideStar",
                  "dec" : "331:19:01.50"
                }
              }
            ]
          },
          {
            "name" : "Manual",
            "tag" : "manual",
            "primaryGroup" : true,
            "guideProbes" : {
              "guideProbe" : [
                {
                  "guideProbeKey" : "GMOS OIWFS",
                  "guideProbeIndex" : 0,
                  "primaryGuideStarIndex" : 0,
                  "targets" : [
                    {
                      "name" : "307-246237",
                      "epoch" : 2000.0,
                      "tag" : "sidereal",
                      "deltara" : -4.8,
                      "deltadec" : 1.2,
                      "ra" : "18:46:02.071",
                      "magnitudes" : [
                        {
                          "name" : "B",
                          "value" : 12.681,
                          "system" : "Vega"
                        },
                        {
                          "name" : "g",
                          "value" : 12.06,
                          "system" : "AB"
                        },
                        {
                          "name" : "V",
                          "value" : 11.567,
                          "system" : "Vega"
                        },
                        {
                          "name" : "UC",
                          "value" : 11.376,
                          "system" : "Vega"
                        },
                        {
                          "name" : "r",
                          "value" : 11.201,
                          "system" : "AB"
                        },
                        {
                          "name" : "i",
                          "value" : 10.849,
                          "system" : "AB"
                        },
                        {
                          "name" : "J",
                          "value" : 9.567,
                          "system" : "Vega"
                        },
                        {
                          "name" : "H",
                          "value" : 9.02,
                          "system" : "Vega"
                        },
                        {
                          "name" : "K",
                          "value" : 8.927,
                          "system" : "Vega"
                        }
                      ],
                      "type" : "GuideStar",
                      "dec" : "331:21:00.32",
                      "index" : 0
                    }
                  ]
                }
              ]
            }
          }
        ]
      },
      "tooOverrideRapid" : false,
      "INFO_NOTE-1" : {
        "title" : "Acquisition exposure times",
        "text" : "V/R      exp. time\n(mag)        (s)\n 11            2\n 12            5\n 13            5\n 14            5\n 15            5\n 16          10\n 17          25\n 18          50\n 19        110\n 20        240\n>21        blind offset\n",
        "key" : "ef9b0ecb-336d-43f5-b985-f7fca4239522"
      },
      "obsClass" : "science",
      "title" : "GRACES: 2 fiber, Slow readout, Faint target",
      "qaState" : "UNDEFINED",
      "phase2Status" : "Prepared"
    }
  },
  "piEmail" : "shetrone@astro.as.utexas.edu, kvenn@uvic.ca, aarentsen@aip.de",
  "INFO_NOTE-2" : {
    "title" : "Target approval",
    "text" : "Pristine184553 18:45:53.720 -28:38:03.50\nPristine185035 18:50:35.780 -28:35:55.70\n\nApproved to observe the above targets. - 2018jan19 atsuko",
    "key" : "b4b78362-6142-4928-b294-151a348bbfa6"
  },
  "INFO_NOTE-3" : {
    "title" : "Phase II filling",
    "text" : "Phase II was filled to the allocated time, execute all science observations. -sxu, 20180122",
    "key" : "04b3cdb4-d9f0-41ac-9eaa-769e7c76e73c"
  },
  "key" : "43575496-3481-4b7c-bd02-cca988104093",
  "programMode" : "Queue",
  "GROUP_GROUP_SCHEDULING-7" : {
    "name" : "Pristine185035.78- 283555.7 - [1] GRACES(SLOW, TWO_FIBER)",
    "key" : "55f2541b-1939-4e88-ba1b-cbe75e794346",
    "INFO_NOTE-1" : {
      "title" : "GRACES set-up",
      "text" : "Spectral mode : 2 fiber mode.\nreadout mode: Slow\nCentral wavelength: 500nm\n",
      "key" : "70b78938-e3bd-42bf-90fa-c1d52e97b215"
    },
    "INFO_NOTE-0" : {
      "title" : "How to prepare your program",
      "text" : "DO NOT EDIT ANYTHING OTHER THAN LISTED BELOW\n\nAcquisition:\n 1. In the \"GMOS-N\" component, write the exposure time for your science and set the Position Angle (PA).\n 2. Go to \"GMOS-N: Set Exp. Time, Filter and Ctrl Wvl\". It is under \"Sequence\" -> \"GMOS-N: GRACES Acquisition\" -> \"Offset\".\n 3. In the field \"Filter\", select the filter for the acquisition.\n 4. In the field \"Exposure time\", set the exposure time for the acquisition that corresponds to the magnitude of your target. \n     In case of targets brighter than 11 mag  (in V or R), the exposure time is 2s. In case of fainter targets, read the nore \"Acquisition exposure times\".\n 5. In the field \"Ctrl Wvl\", set the central wavelength for your science.\n\nScience:\n 6. Now, go under \"GMOS-N: GRACES Science\" -> \"Offset\" (itself under \"Sequence\").\n 7. In the component \"Observe\", set the number of frames you want to observe.\n\nOther:\n 8. If you want a ThAr spectrum to be observed during the night together with your science spectrum, please add a \"GMOS-N: ThAr\" component. See also the EXAMPLESin the GRACES Library:  Go to OT File-> Open -> Select the check box 'Libs' -> Select and open the program \"GN-GRACES-library\"). \n Make sure to use the ThAr component that corresponds to your choice of spectral mode.\n\n 9. Please fill out the GRACES set-up note.\n\nDO NOT EDIT ANYTHING ELSE\n\nMore information can be found at \nhttp://www.gemini.edu/sciops/instruments/graces/observation-preparation/graces-ot-details-0\n\nKC - 16 Oct 2017.",
      "key" : "cf24c952-b1a3-47e6-ab03-afbb7a3dca79"
    },
    "OBSERVATION_BASIC-2" : {
      "priority" : "High",
      "setupTime" : 360000,
      "obsLog" : [],
      "setupTimeType" : "FULL",
      "obsStatus" : "READY",
      "observationId" : "GN-2018A-Q-305-5",
      "key" : "bf605e4e-2694-48ac-800a-4636d84d4388",
      "sequence" : [
        {
          "ocs:obsConditions:WaterVapor" : "100",
          "instrument:customROI1Xmin" : "2172",
          "instrument:mosPreimaging" : "No",
          "instrument:version" : "2009A-1",
          "instrument:port" : "side-looking",
          "instrument:gainSetting" : "6",
          "instrument:useNS" : "false",
          "instrument:customROI1Yrange" : "1100",
          "telescope:version" : "2009B-1",
          "instrument:fpu" : "None",
          "ocs:obsConditions:ImageQuality" : "85",
          "instrument:observingWavelength" : "0.630",
          "instrument:gainChoice" : "Low",
          "observe:object" : "Pristine185035.78- 283555.7",
          "instrument:posAngle" : "210.0",
          "instrument:exposureTime" : "10.0",
          "instrument:customROI1Xrange" : "1800",
          "telescope:Base:name" : "Pristine185035.78- 283555.7",
          "telescope:guideWithPWFS1" : "park",
          "metadata:stepcount" : "1",
          "instrument:disperserOrder" : "1",
          "ocs:observationId" : "GN-2018A-Q-305-5",
          "instrument:ampReadMode" : "Fast",
          "instrument:stageMode" : "Follow in XY",
          "telescope:q" : "-9.5",
          "ocs:obsConditions:SkyBackground" : "80",
          "instrument:dtaXOffset" : "0",
          "instrument:fpuMode" : "Builtin",
          "instrument:ampCount" : "Twelve",
          "observe:observeType" : "OBJECT",
          "metadata:spnodekey" : "4652f83e-f8ae-499e-81b7-76a2099edc06,a923df50-2aa2-4822-a210-a1dc904fc932,e5f37753-bdd3-4d8b-82ac-fc502076a7da,131916e9-f144-4b58-ba48-25ba99b9969b",
          "instrument:disperserLambda" : "500.0",
          "observe:dataLabel" : "GN-2018A-Q-305-5-001",
          "instrument:ccdYBinning" : "1",
          "observe:headerVisibility" : "PUBLIC",
          "telescope:guideWithPWFS2" : "park",
          "instrument:adc" : "No Correction",
          "smartgcal:maperror" : "false",
          "observe:proprietaryMonths" : "12",
          "instrument:ccdXBinning" : "1",
          "instrument:builtinROI" : "Custom ROI",
          "instrument:filter" : "r_G0303",
          "observe:exposureTime" : "10.0",
          "observe:class" : "acq",
          "observe:status" : "ready",
          "instrument:customROI1Ymin" : "1570",
          "instrument:disperser" : "Mirror",
          "telescope:guideWithOIWFS" : "guide",
          "observe:sciBand" : "3",
          "telescope:p" : "23.6",
          "ocs:obsConditions:CloudCover" : "80",
          "totalTime" : 37378,
          "instrument:detectorManufacturer" : "HAMAMATSU",
          "metadata:complete" : "false",
          "smartgcal:keyProvider" : "edu.gemini.spModel.gemini.gmos.InstGmosNorth@1e878ffe",
          "ocs:programId" : "GN-2018A-Q-305",
          "instrument:instrument" : "GMOS-N"
        },
        {
          "ocs:obsConditions:WaterVapor" : "100",
          "instrument:customROI1Xmin" : "2172",
          "instrument:mosPreimaging" : "No",
          "instrument:version" : "2009A-1",
          "instrument:port" : "side-looking",
          "instrument:gainSetting" : "6",
          "instrument:useNS" : "false",
          "instrument:customROI1Yrange" : "1100",
          "telescope:version" : "2009B-1",
          "instrument:fpu" : "None",
          "ocs:obsConditions:ImageQuality" : "85",
          "instrument:observingWavelength" : "0.630",
          "instrument:gainChoice" : "Low",
          "observe:object" : "Pristine185035.78- 283555.7",
          "instrument:posAngle" : "210.0",
          "instrument:exposureTime" : "10.0",
          "instrument:customROI1Xrange" : "1800",
          "telescope:Base:name" : "Pristine185035.78- 283555.7",
          "telescope:guideWithPWFS1" : "park",
          "metadata:stepcount" : "2",
          "instrument:disperserOrder" : "1",
          "ocs:observationId" : "GN-2018A-Q-305-5",
          "instrument:ampReadMode" : "Fast",
          "instrument:stageMode" : "Follow in XY",
          "telescope:q" : "-9.5",
          "ocs:obsConditions:SkyBackground" : "80",
          "instrument:dtaXOffset" : "0",
          "instrument:fpuMode" : "Builtin",
          "instrument:ampCount" : "Twelve",
          "observe:observeType" : "OBJECT",
          "metadata:spnodekey" : "4652f83e-f8ae-499e-81b7-76a2099edc06,a923df50-2aa2-4822-a210-a1dc904fc932,e5f37753-bdd3-4d8b-82ac-fc502076a7da,131916e9-f144-4b58-ba48-25ba99b9969b",
          "instrument:disperserLambda" : "500.0",
          "observe:dataLabel" : "GN-2018A-Q-305-5-002",
          "instrument:ccdYBinning" : "1",
          "observe:headerVisibility" : "PUBLIC",
          "telescope:guideWithPWFS2" : "park",
          "instrument:adc" : "No Correction",
          "smartgcal:maperror" : "false",
          "observe:proprietaryMonths" : "12",
          "instrument:ccdXBinning" : "1",
          "instrument:builtinROI" : "Custom ROI",
          "instrument:filter" : "r_G0303",
          "observe:exposureTime" : "10.0",
          "observe:class" : "acq",
          "observe:status" : "ready",
          "instrument:customROI1Ymin" : "1570",
          "instrument:disperser" : "Mirror",
          "telescope:guideWithOIWFS" : "guide",
          "observe:sciBand" : "3",
          "telescope:p" : "23.6",
          "ocs:obsConditions:CloudCover" : "80",
          "totalTime" : 30219,
          "instrument:detectorManufacturer" : "HAMAMATSU",
          "metadata:complete" : "false",
          "smartgcal:keyProvider" : "edu.gemini.spModel.gemini.gmos.InstGmosNorth@1e878ffe",
          "ocs:programId" : "GN-2018A-Q-305",
          "instrument:instrument" : "GMOS-N"
        },
        {
          "ocs:obsConditions:WaterVapor" : "100",
          "instrument:customROI1Xmin" : "2172",
          "instrument:mosPreimaging" : "No",
          "instrument:version" : "2009A-1",
          "instrument:port" : "side-looking",
          "instrument:gainSetting" : "6",
          "instrument:useNS" : "false",
          "instrument:customROI1Yrange" : "1100",
          "telescope:version" : "2009B-1",
          "instrument:fpu" : "None",
          "ocs:obsConditions:ImageQuality" : "85",
          "instrument:observingWavelength" : "0.630",
          "instrument:gainChoice" : "Low",
          "observe:object" : "Pristine185035.78- 283555.7",
          "instrument:posAngle" : "210.0",
          "instrument:exposureTime" : "10.0",
          "instrument:customROI1Xrange" : "1800",
          "telescope:Base:name" : "Pristine185035.78- 283555.7",
          "telescope:guideWithPWFS1" : "park",
          "metadata:stepcount" : "3",
          "instrument:disperserOrder" : "1",
          "ocs:observationId" : "GN-2018A-Q-305-5",
          "instrument:ampReadMode" : "Fast",
          "instrument:stageMode" : "Follow in XY",
          "telescope:q" : "-9.5",
          "ocs:obsConditions:SkyBackground" : "80",
          "instrument:dtaXOffset" : "0",
          "instrument:fpuMode" : "Builtin",
          "instrument:ampCount" : "Twelve",
          "observe:observeType" : "OBJECT",
          "metadata:spnodekey" : "4652f83e-f8ae-499e-81b7-76a2099edc06,a923df50-2aa2-4822-a210-a1dc904fc932,e5f37753-bdd3-4d8b-82ac-fc502076a7da,131916e9-f144-4b58-ba48-25ba99b9969b",
          "instrument:disperserLambda" : "500.0",
          "observe:dataLabel" : "GN-2018A-Q-305-5-003",
          "instrument:ccdYBinning" : "1",
          "observe:headerVisibility" : "PUBLIC",
          "telescope:guideWithPWFS2" : "park",
          "instrument:adc" : "No Correction",
          "smartgcal:maperror" : "false",
          "observe:proprietaryMonths" : "12",
          "instrument:ccdXBinning" : "1",
          "instrument:builtinROI" : "Custom ROI",
          "instrument:filter" : "r_G0303",
          "observe:exposureTime" : "10.0",
          "observe:class" : "acq",
          "observe:status" : "ready",
          "instrument:customROI1Ymin" : "1570",
          "instrument:disperser" : "Mirror",
          "telescope:guideWithOIWFS" : "guide",
          "observe:sciBand" : "3",
          "telescope:p" : "23.6",
          "ocs:obsConditions:CloudCover" : "80",
          "totalTime" : 30219,
          "instrument:detectorManufacturer" : "HAMAMATSU",
          "metadata:complete" : "false",
          "smartgcal:keyProvider" : "edu.gemini.spModel.gemini.gmos.InstGmosNorth@1e878ffe",
          "ocs:programId" : "GN-2018A-Q-305",
          "instrument:instrument" : "GMOS-N"
        },
        {
          "ocs:obsConditions:WaterVapor" : "100",
          "instrument:customROI1Xmin" : "2172",
          "instrument:mosPreimaging" : "No",
          "instrument:version" : "2009A-1",
          "instrument:port" : "side-looking",
          "instrument:gainSetting" : "6",
          "instrument:useNS" : "false",
          "instrument:customROI1Yrange" : "1100",
          "telescope:version" : "2009B-1",
          "instrument:fpu" : "IFU Left Slit (blue)",
          "ocs:obsConditions:ImageQuality" : "85",
          "instrument:observingWavelength" : "0.500",
          "instrument:gainChoice" : "Low",
          "observe:object" : "Pristine185035.78- 283555.7",
          "instrument:posAngle" : "210.0",
          "instrument:exposureTime" : "60.0",
          "instrument:customROI1Xrange" : "1800",
          "telescope:Base:name" : "Pristine185035.78- 283555.7",
          "telescope:guideWithPWFS1" : "park",
          "metadata:stepcount" : "4",
          "instrument:disperserOrder" : "1",
          "ocs:observationId" : "GN-2018A-Q-305-5",
          "instrument:ampReadMode" : "Fast",
          "instrument:stageMode" : "Follow in XY",
          "telescope:q" : "-9.5",
          "ocs:obsConditions:SkyBackground" : "80",
          "instrument:dtaXOffset" : "0",
          "instrument:fpuMode" : "Builtin",
          "instrument:ampCount" : "Twelve",
          "observe:observeType" : "OBJECT",
          "metadata:spnodekey" : "4652f83e-f8ae-499e-81b7-76a2099edc06,a923df50-2aa2-4822-a210-a1dc904fc932,0589235b-d83e-4c02-a07f-ffc725ac156d,f4daeb38-0258-4154-92bc-55e0bb2ca79d",
          "instrument:disperserLambda" : "500.0",
          "observe:dataLabel" : "GN-2018A-Q-305-5-004",
          "instrument:ccdYBinning" : "1",
          "observe:headerVisibility" : "PUBLIC",
          "telescope:guideWithPWFS2" : "park",
          "instrument:adc" : "No Correction",
          "smartgcal:maperror" : "false",
          "observe:proprietaryMonths" : "12",
          "instrument:ccdXBinning" : "1",
          "instrument:builtinROI" : "Custom ROI",
          "instrument:filter" : "r_G0303",
          "observe:exposureTime" : "60.0",
          "observe:class" : "science",
          "observe:status" : "ready",
          "instrument:customROI1Ymin" : "1570",
          "instrument:disperser" : "B600_G5307",
          "telescope:guideWithOIWFS" : "guide",
          "observe:sciBand" : "3",
          "telescope:p" : "23.6",
          "ocs:obsConditions:CloudCover" : "80",
          "totalTime" : 170219,
          "instrument:detectorManufacturer" : "HAMAMATSU",
          "metadata:complete" : "false",
          "smartgcal:keyProvider" : "edu.gemini.spModel.gemini.gmos.InstGmosNorth@1e878ffe",
          "ocs:programId" : "GN-2018A-Q-305",
          "instrument:instrument" : "GMOS-N"
        },
        {
          "ocs:obsConditions:WaterVapor" : "100",
          "instrument:customROI1Xmin" : "2172",
          "instrument:mosPreimaging" : "No",
          "instrument:version" : "2009A-1",
          "instrument:port" : "side-looking",
          "instrument:gainSetting" : "1",
          "instrument:useNS" : "false",
          "instrument:customROI1Yrange" : "1100",
          "telescope:version" : "2009B-1",
          "instrument:fpu" : "IFU Left Slit (blue)",
          "ocs:obsConditions:ImageQuality" : "85",
          "instrument:observingWavelength" : "0.478",
          "instrument:gainChoice" : "High",
          "observe:object" : "Pristine185035.78- 283555.7",
          "instrument:posAngle" : "210.0",
          "instrument:exposureTime" : "1900.0",
          "instrument:customROI1Xrange" : "1800",
          "telescope:Base:name" : "Pristine185035.78- 283555.7",
          "telescope:guideWithPWFS1" : "park",
          "metadata:stepcount" : "5",
          "instrument:disperserOrder" : "1",
          "ocs:observationId" : "GN-2018A-Q-305-5",
          "instrument:ampReadMode" : "Slow",
          "instrument:stageMode" : "Follow in XY",
          "telescope:q" : "-9.5",
          "ocs:obsConditions:SkyBackground" : "80",
          "instrument:dtaXOffset" : "0",
          "instrument:fpuMode" : "Builtin",
          "instrument:ampCount" : "Twelve",
          "observe:observeType" : "OBJECT",
          "metadata:spnodekey" : "de828c67-e09b-4142-a3ca-a19bf96e036b,9f508a7a-7471-4729-9cc4-ff6b758ab2f0,0ff33d36-0c2c-4821-8f2f-eb8fed143b31",
          "instrument:disperserLambda" : "550.0",
          "observe:dataLabel" : "GN-2018A-Q-305-5-005",
          "instrument:ccdYBinning" : "1",
          "observe:headerVisibility" : "PUBLIC",
          "telescope:guideWithPWFS2" : "park",
          "instrument:adc" : "No Correction",
          "smartgcal:maperror" : "false",
          "observe:proprietaryMonths" : "12",
          "instrument:ccdXBinning" : "1",
          "instrument:builtinROI" : "Full Frame Readout",
          "instrument:filter" : "HeIIC_G0321",
          "observe:exposureTime" : "1900.0",
          "observe:class" : "science",
          "observe:status" : "ready",
          "instrument:customROI1Ymin" : "1570",
          "instrument:disperser" : "Mirror",
          "telescope:guideWithOIWFS" : "guide",
          "observe:sciBand" : "3",
          "telescope:p" : "23.6",
          "ocs:obsConditions:CloudCover" : "80",
          "totalTime" : 2030000,
          "instrument:detectorManufacturer" : "HAMAMATSU",
          "metadata:complete" : "false",
          "smartgcal:keyProvider" : "edu.gemini.spModel.gemini.gmos.InstGmosNorth@1e878ffe",
          "ocs:programId" : "GN-2018A-Q-305",
          "instrument:instrument" : "GMOS-N"
        },
        {
          "ocs:obsConditions:WaterVapor" : "100",
          "instrument:customROI1Xmin" : "2172",
          "instrument:mosPreimaging" : "No",
          "instrument:version" : "2009A-1",
          "instrument:port" : "side-looking",
          "instrument:gainSetting" : "1",
          "instrument:useNS" : "false",
          "instrument:customROI1Yrange" : "1100",
          "telescope:version" : "2009B-1",
          "instrument:fpu" : "IFU Left Slit (blue)",
          "ocs:obsConditions:ImageQuality" : "85",
          "instrument:observingWavelength" : "0.478",
          "instrument:gainChoice" : "High",
          "observe:object" : "Pristine185035.78- 283555.7",
          "instrument:posAngle" : "210.0",
          "instrument:exposureTime" : "1900.0",
          "instrument:customROI1Xrange" : "1800",
          "telescope:Base:name" : "Pristine185035.78- 283555.7",
          "telescope:guideWithPWFS1" : "park",
          "metadata:stepcount" : "6",
          "instrument:disperserOrder" : "1",
          "ocs:observationId" : "GN-2018A-Q-305-5",
          "instrument:ampReadMode" : "Slow",
          "instrument:stageMode" : "Follow in XY",
          "telescope:q" : "-9.5",
          "ocs:obsConditions:SkyBackground" : "80",
          "instrument:dtaXOffset" : "0",
          "instrument:fpuMode" : "Builtin",
          "instrument:ampCount" : "Twelve",
          "observe:observeType" : "OBJECT",
          "metadata:spnodekey" : "de828c67-e09b-4142-a3ca-a19bf96e036b,9f508a7a-7471-4729-9cc4-ff6b758ab2f0,0ff33d36-0c2c-4821-8f2f-eb8fed143b31",
          "instrument:disperserLambda" : "550.0",
          "observe:dataLabel" : "GN-2018A-Q-305-5-006",
          "instrument:ccdYBinning" : "1",
          "observe:headerVisibility" : "PUBLIC",
          "telescope:guideWithPWFS2" : "park",
          "instrument:adc" : "No Correction",
          "smartgcal:maperror" : "false",
          "observe:proprietaryMonths" : "12",
          "instrument:ccdXBinning" : "1",
          "instrument:builtinROI" : "Full Frame Readout",
          "instrument:filter" : "HeIIC_G0321",
          "observe:exposureTime" : "1900.0",
          "observe:class" : "science",
          "observe:status" : "ready",
          "instrument:customROI1Ymin" : "1570",
          "instrument:disperser" : "Mirror",
          "telescope:guideWithOIWFS" : "guide",
          "observe:sciBand" : "3",
          "telescope:p" : "23.6",
          "ocs:obsConditions:CloudCover" : "80",
          "totalTime" : 1940000,
          "instrument:detectorManufacturer" : "HAMAMATSU",
          "metadata:complete" : "false",
          "smartgcal:keyProvider" : "edu.gemini.spModel.gemini.gmos.InstGmosNorth@1e878ffe",
          "ocs:programId" : "GN-2018A-Q-305",
          "instrument:instrument" : "GMOS-N"
        },
        {
          "ocs:obsConditions:WaterVapor" : "100",
          "instrument:customROI1Xmin" : "2172",
          "instrument:mosPreimaging" : "No",
          "instrument:version" : "2009A-1",
          "instrument:port" : "side-looking",
          "instrument:gainSetting" : "1",
          "instrument:useNS" : "false",
          "instrument:customROI1Yrange" : "1100",
          "telescope:version" : "2009B-1",
          "instrument:fpu" : "IFU Left Slit (blue)",
          "ocs:obsConditions:ImageQuality" : "85",
          "instrument:observingWavelength" : "0.478",
          "instrument:gainChoice" : "High",
          "observe:object" : "Pristine185035.78- 283555.7",
          "instrument:posAngle" : "210.0",
          "instrument:exposureTime" : "1900.0",
          "instrument:customROI1Xrange" : "1800",
          "telescope:Base:name" : "Pristine185035.78- 283555.7",
          "telescope:guideWithPWFS1" : "park",
          "metadata:stepcount" : "7",
          "instrument:disperserOrder" : "1",
          "ocs:observationId" : "GN-2018A-Q-305-5",
          "instrument:ampReadMode" : "Slow",
          "instrument:stageMode" : "Follow in XY",
          "telescope:q" : "-9.5",
          "ocs:obsConditions:SkyBackground" : "80",
          "instrument:dtaXOffset" : "0",
          "instrument:fpuMode" : "Builtin",
          "instrument:ampCount" : "Twelve",
          "observe:observeType" : "OBJECT",
          "metadata:spnodekey" : "de828c67-e09b-4142-a3ca-a19bf96e036b,9f508a7a-7471-4729-9cc4-ff6b758ab2f0,0ff33d36-0c2c-4821-8f2f-eb8fed143b31",
          "instrument:disperserLambda" : "550.0",
          "observe:dataLabel" : "GN-2018A-Q-305-5-007",
          "instrument:ccdYBinning" : "1",
          "observe:headerVisibility" : "PUBLIC",
          "telescope:guideWithPWFS2" : "park",
          "instrument:adc" : "No Correction",
          "smartgcal:maperror" : "false",
          "observe:proprietaryMonths" : "12",
          "instrument:ccdXBinning" : "1",
          "instrument:builtinROI" : "Full Frame Readout",
          "instrument:filter" : "HeIIC_G0321",
          "observe:exposureTime" : "1900.0",
          "observe:class" : "science",
          "observe:status" : "ready",
          "instrument:customROI1Ymin" : "1570",
          "instrument:disperser" : "Mirror",
          "telescope:guideWithOIWFS" : "guide",
          "observe:sciBand" : "3",
          "telescope:p" : "23.6",
          "ocs:obsConditions:CloudCover" : "80",
          "totalTime" : 1940000,
          "instrument:detectorManufacturer" : "HAMAMATSU",
          "metadata:complete" : "false",
          "smartgcal:keyProvider" : "edu.gemini.spModel.gemini.gmos.InstGmosNorth@1e878ffe",
          "ocs:programId" : "GN-2018A-Q-305",
          "instrument:instrument" : "GMOS-N"
        }
      ],
      "SCHEDULING_CONDITIONS-2" : {
        "elevationConstraintType" : "None",
        "timingWindows" : [],
        "wv" : "Any",
        "key" : "a57f1778-9770-4e69-9609-40052c03b6b8",
        "sb" : "80%/Grey",
        "elevationConstraintMin" : 0.0,
        "elevationConstraintMax" : 0.0,
        "cc" : "80%/Cloudy",
        "iq" : "85%/Poor"
      },
      "TELESCOPE_TARGETENV-3" : {
        "userTargets" : [],
        "primaryIndex" : 0,
        "base" : {
          "name" : "Pristine185035.78- 283555.7",
          "tag" : "sidereal",
          "ra" : "18:50:35.780",
          "magnitudes" : [
            {
              "name" : "V",
              "value" : 13.6,
              "system" : "Vega"
            }
          ],
          "type" : "Base",
          "dec" : "331:24:04.30"
        },
        "key" : "4f217b67-a595-408a-b3c2-8d38709cb293",
        "guideGroups" : [
          {
            "name" : "auto",
            "tag" : "auto",
            "primaryGroup" : true,
            "guideProbe" : [
              {
                "guideProbeKey" : "GMOS OIWFS",
                "target" : {
                  "name" : "307-248803",
                  "epoch" : 2000.0,
                  "tag" : "sidereal",
                  "deltara" : 7.9,
                  "deltadec" : -0.2,
                  "ra" : "18:50:28.763",
                  "magnitudes" : [
                    {
                      "name" : "B",
                      "value" : 10.359,
                      "system" : "Vega"
                    },
                    {
                      "name" : "V",
                      "value" : 10.135,
                      "system" : "Vega"
                    },
                    {
                      "name" : "UC",
                      "value" : 10.276,
                      "system" : "Vega"
                    },
                    {
                      "name" : "i",
                      "value" : 10.112,
                      "system" : "AB"
                    },
                    {
                      "name" : "J",
                      "value" : 9.562,
                      "system" : "Vega"
                    },
                    {
                      "name" : "H",
                      "value" : 9.498,
                      "system" : "Vega"
                    },
                    {
                      "name" : "K",
                      "value" : 9.465,
                      "system" : "Vega"
                    }
                  ],
                  "type" : "GuideStar",
                  "dec" : "331:21:53.50"
                }
              }
            ]
          }
        ]
      },
      "tooOverrideRapid" : false,
      "INFO_NOTE-1" : {
        "title" : "Acquisition exposure times",
        "text" : "V/R      exp. time\n(mag)        (s)\n 11            2\n 12            5\n 13            5\n 14            5\n 15            5\n 16          10\n 17          25\n 18          50\n 19        110\n 20        240\n>21        blind offset\n",
        "key" : "f08e6282-6494-496b-86cf-c70b00209cfa"
      },
      "obsClass" : "science",
      "title" : "GRACES: 2 fiber, Slow readout, Faint target",
      "qaState" : "UNDEFINED",
      "phase2Status" : "Prepared"
    }
  },
  "INFO_NOTE-4" : {
    "title" : "ATOM",
    "text" : "1 sci step (+60s step each time observed).",
    "key" : "4baabdbd-e120-496f-9a96-b28cb0f3cf66"
  },
  "INFO_PROGRAMNOTE-1" : {
    "title" : "GRACES 2fiber  Split into Q-205 with CC50, IQ70, SB50 and Q-305 with CC50, IQ85, SB80 : Target approval",
    "text" : "Pristine184553 18:45:53.720 -28:38:03.50\nPristine185035 18:50:35.780 -28:35:55.70\n\nApproved to observe the above targets. - 2018jan19 atsuko",
    "key" : "d13bae9e-1757-4aa2-b1ef-aea2f6b787e7"
  },
  "piLastName" : "Shetrone",
  "timeAccountAllocationCategories" : [
    {
      "awardedProgramTime" : 15840000,
      "usedProgramTime" : 0,
      "usedPartnerTime" : 0,
      "awardedPartnerTime" : 0,
      "category" : "United States"
    }
  ],
  "programId" : "GN-2018A-Q-305",
  "queueBand" : "3",
  "rolloverFlag" : false,
  "awardedTime" : 15840000,
  "INFO_NOTE-0" : {
    "title" : "COMPLETING PHASE II",
    "text" : "\nThis initial Phase II program contains information including PI and support information, target lists, conditions constraints, and template observations based on the Phase I observing modes and resources. Following the technical assessment and ITAC queue-merging processes, some of your Phase I targets may have been deactivated, the total time adjusted, and/or observing condition constraints relaxed in order for your program to be scheduled in the queue band consistent with your ranking. The configuration information from the proposal has been added to template observations. Templates groups for science observations are found in the new Templates folder.  There is one template group for each requested configuration. Phase I targets with their associated conditions and total times are viewed by clicking on the template group node. Baseline calibration observations may be included in a separate \"Baseline\" folder.\n\nThe Phase I proposal itself is no longer incorporated into the Phase II program, but the proposal document, PDF attachment, and PDF summary can be downloaded from the File Attachment tab on the top level program overview.\n\nPIs of Target of Opportunity (ToO) programs should consult with their NGO and Gemini contact scientists.\n\nThe recommended process for non-ToO programs is as follows:\n\n1. FETCH THE EXAMPLE OT LIBRARIES since they contain additional examples and useful information such as lists of standard stars. Libraries should first be updated by selecting \"Fetch Libraries\" from the File menu. Thereafter they can be viewed by clicking on the Libraries button in the toolbar.\n\n2. UPDATE THE TEMPLATE OBSERVATIONS with the settings and sequence that will be applied to all targets in the group.  This can include setting central wavelengths and individual exposure times and changing the acquisition strategy. If different configurations are needed for different groups of targets, a template group can be split and a subset of the targets can be assigned to each group.\n\n3. APPLY THE TEMPLATES TO TARGETS AND CONDITIONS. It is possible to apply the templates to a subset of targets. New draft observations will be generated with target and conditions components added.\n\n4. MAKE TARGET-SPECIFIC CHANGES to the new draft observations. These changes may include setting the position angle, selecting guide stars, selecting telluric standards, etc. Don't forget to check that your guide stars are of sufficient brightness and are accessible at your specified orientations. Guide stars can be selected automatically using the \"Auto GS\" buttons.\n\n5. SET THE OBSERVATION STATUS TO \"For Review\" AND SYNC your observations by clicking the Sync button in the toolbar or by selecting \"Sync changes...\" from the File menu. Your NGO contact will check the observations and make any recommendations.\n\nWe recommend that you complete all the observations for a single target and have them checked by your NGO contact before working on the remaining targets. We also recommend that where possible you make changes by updating the templates and then reapplying them to the targets. This will reduce the burden of making the same change to multiple observations.\n\nPIs who intend to copy observations from programs in previous semesters should also consult the current OT libraries to ensure that the configurations are up to date. You update the libraries by selecting \"Fetch Libraries...\" from the OT File menu. We also recommend that you replace any \"Manual Arc\" and \"Manual Flat\" nodes with the automatic Flat and Arc observation nodes to ensure that the observations will use the correct settings.\n\nDetailed information about the OT, instruments, the Phase II process, specific dates and instructions for the current and upcoming semesters, and tutorials can be found on the Gemini web site (goto www.gemini.edu/sciops). When online you can access the OT help page by selecting \"OT Help\" from the Help menu above. Review the Phase II keeping in mind any special instructions on the web pages.\n\nIf you have any additional questions please submit a HelpDesk query at\n\n  http://www.gemini.edu/sciops/helpdesk/\n    ",
    "key" : "6001cb7c-b2c6-4fcc-8844-481b684529f5"
  },
  "investigators" : [
    {
      "investigatorFirstName" : "Anke",
      "investigatorLastName" : "Arentsen",
      "investigatorEmail" : "aarentsen@aip.de"
    },
    {
      "investigatorFirstName" : "Kim",
      "investigatorLastName" : "Venn",
      "investigatorEmail" : "kvenn@uvic.ca"
    },
    {
      "investigatorFirstName" : "Nicolas",
      "investigatorLastName" : "Martin",
      "investigatorEmail" : "nicolas.martin@astro.unistra.fr"
    },
    {
      "investigatorFirstName" : "Collin",
      "investigatorLastName" : "Kielty",
      "investigatorEmail" : "ckielty@uvic.ca"
    },
    {
      "investigatorFirstName" : "Else",
      "investigatorLastName" : "Starkenburg",
      "investigatorEmail" : "estarkenburg@aip.de"
    }
  ],
  "affiliate" : "United States",
  "piFirstName" : "Matthew"
}}