{"PROGRAM_BASIC" : {
  "tooType" : "None",
  "isThesis" : false,
  "piEmail" : "ebeling@ifa.hawaii.edu",
  "INFO_NOTE-2" : {
    "title" : "ATOM",
    "text" : "Single steps",
    "key" : "74abe3bf-87db-4eb0-8621-f2747af6b1ee"
  },
  "key" : "dbabe474-a9ee-45c3-9fb4-4d83d72bc12f",
  "programMode" : "Queue",
  "INFO_NOTE-1" : {
    "title" : "Cycle: Feb-Mar-Apr",
    "text" : "",
    "key" : "268f9383-b04a-4285-bc1b-fd07a464fe3a"
  },
  "piLastName" : "Ebeling",
  "timeAccountAllocationCategories" : [
    {
      "awardedProgramTime" : 5400000,
      "usedProgramTime" : 0,
      "usedPartnerTime" : 0,
      "awardedPartnerTime" : 0,
      "category" : "University of Hawaii"
    }
  ],
  "programId" : "GN-2018A-FT-101",
  "queueBand" : "1",
  "rolloverFlag" : false,
  "awardedTime" : 5400000,
  "INFO_NOTE-0" : {
    "title" : "COMPLETING PHASE II",
    "text" : "\nThis initial Phase II program contains information including PI and support information, target lists, conditions constraints, and template observations based on the Phase I observing modes and resources. Following the technical assessment and ITAC queue-merging processes, some of your Phase I targets may have been deactivated, the total time adjusted, and/or observing condition constraints relaxed in order for your program to be scheduled in the queue band consistent with your ranking. The configuration information from the proposal has been added to template observations. Templates groups for science observations are found in the new Templates folder.  There is one template group for each requested configuration. Phase I targets with their associated conditions and total times are viewed by clicking on the template group node. Baseline calibration observations may be included in a separate \"Baseline\" folder.\n\nThe Phase I proposal itself is no longer incorporated into the Phase II program, but the proposal document, PDF attachment, and PDF summary can be downloaded from the File Attachment tab on the top level program overview.\n\nPIs of Target of Opportunity (ToO) programs should consult with their NGO and Gemini contact scientists.\n\nThe recommended process for non-ToO programs is as follows:\n\n1. FETCH THE EXAMPLE OT LIBRARIES since they contain additional examples and useful information such as lists of standard stars. Libraries should first be updated by selecting \"Fetch Libraries\" from the File menu. Thereafter they can be viewed by clicking on the Libraries button in the toolbar.\n\n2. UPDATE THE TEMPLATE OBSERVATIONS with the settings and sequence that will be applied to all targets in the group.  This can include setting central wavelengths and individual exposure times and changing the acquisition strategy. If different configurations are needed for different groups of targets, a template group can be split and a subset of the targets can be assigned to each group.\n\n3. APPLY THE TEMPLATES TO TARGETS AND CONDITIONS. It is possible to apply the templates to a subset of targets. New draft observations will be generated with target and conditions components added.\n\n4. MAKE TARGET-SPECIFIC CHANGES to the new draft observations. These changes may include setting the position angle, selecting guide stars, selecting telluric standards, etc. Don't forget to check that your guide stars are of sufficient brightness and are accessible at your specified orientations. Guide stars can be selected automatically using the \"Auto GS\" buttons.\n\n5. SET THE OBSERVATION STATUS TO \"For Review\" AND SYNC your observations by clicking the Sync button in the toolbar or by selecting \"Sync changes...\" from the File menu. Your NGO contact will check the observations and make any recommendations.\n\nWe recommend that you complete all the observations for a single target and have them checked by your NGO contact before working on the remaining targets. We also recommend that where possible you make changes by updating the templates and then reapplying them to the targets. This will reduce the burden of making the same change to multiple observations.\n\nPIs who intend to copy observations from programs in previous semesters should also consult the current OT libraries to ensure that the configurations are up to date. You update the libraries by selecting \"Fetch Libraries...\" from the OT File menu. We also recommend that you replace any \"Manual Arc\" and \"Manual Flat\" nodes with the automatic Flat and Arc observation nodes to ensure that the observations will use the correct settings.\n\nDetailed information about the OT, instruments, the Phase II process, specific dates and instructions for the current and upcoming semesters, and tutorials can be found on the Gemini web site (goto www.gemini.edu/sciops). When online you can access the OT help page by selecting \"OT Help\" from the Help menu above. Review the Phase II keeping in mind any special instructions on the web pages.\n\nIf you have any additional questions please submit a HelpDesk query at\n\n  http://www.gemini.edu/sciops/helpdesk/\n    ",
    "key" : "61ace7ac-db62-4acf-b233-8461f2cd796a"
  },
  "GROUP_GROUP_SCHEDULING-4" : {
    "name" : "EMACSJ0324+24 - [1] GMOS-N Imaging gri",
    "key" : "060b1d62-6d57-49b0-80f9-8dd6f8cf3441",
    "OBSERVATION_BASIC-0" : {
      "priority" : "High",
      "setupTime" : 360000,
      "obsLog" : [
        {
          "qaState" : "Pass",
          "filename" : "N20180212S0094",
          "label" : "GN-2018A-FT-101-2-001"
        },
        {
          "qaState" : "Pass",
          "filename" : "N20180212S0095",
          "label" : "GN-2018A-FT-101-2-002"
        },
        {
          "qaState" : "Pass",
          "filename" : "N20180212S0096",
          "label" : "GN-2018A-FT-101-2-003"
        },
        {
          "qaState" : "Pass",
          "filename" : "N20180212S0097",
          "label" : "GN-2018A-FT-101-2-004"
        },
        {
          "qaState" : "Pass",
          "filename" : "N20180212S0098",
          "label" : "GN-2018A-FT-101-2-005"
        },
        {
          "qaState" : "Pass",
          "filename" : "N20180212S0099",
          "label" : "GN-2018A-FT-101-2-006"
        },
        {
          "qaState" : "Pass",
          "filename" : "N20180212S0100",
          "label" : "GN-2018A-FT-101-2-007"
        },
        {
          "qaState" : "Pass",
          "filename" : "N20180212S0101",
          "label" : "GN-2018A-FT-101-2-008"
        },
        {
          "qaState" : "Pass",
          "filename" : "N20180212S0102",
          "label" : "GN-2018A-FT-101-2-009"
        },
        {
          "qaState" : "Pass",
          "filename" : "N20180212S0103",
          "label" : "GN-2018A-FT-101-2-010"
        },
        {
          "qaState" : "Pass",
          "filename" : "N20180212S0104",
          "label" : "GN-2018A-FT-101-2-011"
        },
        {
          "qaState" : "Pass",
          "filename" : "N20180212S0105",
          "label" : "GN-2018A-FT-101-2-012"
        },
        {
          "qaState" : "Pass",
          "filename" : "N20180212S0106",
          "label" : "GN-2018A-FT-101-2-013"
        },
        {
          "qaState" : "Pass",
          "filename" : "N20180212S0107",
          "label" : "GN-2018A-FT-101-2-014"
        },
        {
          "qaState" : "Pass",
          "filename" : "N20180212S0108",
          "label" : "GN-2018A-FT-101-2-015"
        },
        {
          "qaState" : "Pass",
          "filename" : "N20180212S0109",
          "label" : "GN-2018A-FT-101-2-016"
        },
        {
          "qaState" : "Pass",
          "filename" : "N20180212S0110",
          "label" : "GN-2018A-FT-101-2-017"
        },
        {
          "qaState" : "Pass",
          "filename" : "N20180212S0111",
          "label" : "GN-2018A-FT-101-2-018"
        },
        {
          "qaState" : "Pass",
          "filename" : "N20180212S0112",
          "label" : "GN-2018A-FT-101-2-019"
        },
        {
          "qaState" : "Pass",
          "filename" : "N20180212S0113",
          "label" : "GN-2018A-FT-101-2-020"
        },
        {
          "qaState" : "Pass",
          "filename" : "N20180212S0114",
          "label" : "GN-2018A-FT-101-2-021"
        },
        {
          "qaState" : "Pass",
          "filename" : "N20180212S0115",
          "label" : "GN-2018A-FT-101-2-022"
        },
        {
          "qaState" : "Pass",
          "filename" : "N20180212S0116",
          "label" : "GN-2018A-FT-101-2-023"
        },
        {
          "qaState" : "Pass",
          "filename" : "N20180212S0117",
          "label" : "GN-2018A-FT-101-2-024"
        },
        {
          "qaState" : "Pass",
          "filename" : "N20180212S0118",
          "label" : "GN-2018A-FT-101-2-025"
        },
        {
          "qaState" : "Pass",
          "filename" : "N20180212S0119",
          "label" : "GN-2018A-FT-101-2-026"
        },
        {
          "qaState" : "Pass",
          "filename" : "N20180212S0120",
          "label" : "GN-2018A-FT-101-2-027"
        },
        {
          "qaState" : "Pass",
          "filename" : "N20180212S0121",
          "label" : "GN-2018A-FT-101-2-028"
        },
        {
          "qaState" : "Pass",
          "filename" : "N20180212S0122",
          "label" : "GN-2018A-FT-101-2-029"
        },
        {
          "qaState" : "Pass",
          "filename" : "N20180212S0123",
          "label" : "GN-2018A-FT-101-2-030"
        }
      ],
      "setupTimeType" : "FULL",
      "SCHEDULING_CONDITIONS-1" : {
        "elevationConstraintType" : "None",
        "timingWindows" : [
          {
            "start" : 1517356800000,
            "duration" : 7884000000,
            "period" : 0,
            "repeat" : 0
          }
        ],
        "wv" : "Any",
        "key" : "1343c061-6d0d-4fbb-9aa8-15009d12ef78",
        "sb" : "50%/Dark",
        "elevationConstraintMin" : 0.0,
        "elevationConstraintMax" : 0.0,
        "cc" : "50%/Clear",
        "iq" : "70%/Good"
      },
      "obsStatus" : "OBSERVED",
      "observationId" : "GN-2018A-FT-101-2",
      "key" : "f76766e6-5e13-4ff0-9d6a-b3f92b05f8d7",
      "sequence" : [
        {
          "ocs:obsConditions:TimingWindowRepeat0" : "0",
          "ocs:obsConditions:WaterVapor" : "100",
          "instrument:mosPreimaging" : "No",
          "instrument:version" : "2009A-1",
          "instrument:port" : "side-looking",
          "instrument:gainSetting" : "2",
          "instrument:useNS" : "false",
          "telescope:version" : "2009B-1",
          "instrument:fpu" : "None",
          "ocs:obsConditions:TimingWindowPeriod0" : "0",
          "ocs:obsConditions:ImageQuality" : "70",
          "instrument:observingWavelength" : "0.630",
          "instrument:gainChoice" : "Low",
          "observe:object" : "EMACSJ0324.0+2421",
          "instrument:posAngle" : "0.0",
          "instrument:exposureTime" : "129.0",
          "telescope:Base:name" : "EMACSJ0324.0+2421",
          "telescope:guideWithPWFS1" : "park",
          "metadata:stepcount" : "1",
          "instrument:disperserOrder" : "1",
          "ocs:obsConditions:TimingWindowStart0" : "1517356800000",
          "ocs:observationId" : "GN-2018A-FT-101-2",
          "instrument:ampReadMode" : "Slow",
          "instrument:stageMode" : "Follow in XY",
          "telescope:q" : "0.0",
          "ocs:obsConditions:TimingWindowDuration0" : "7884000000",
          "ocs:obsConditions:SkyBackground" : "50",
          "instrument:dtaXOffset" : "0",
          "instrument:fpuMode" : "Builtin",
          "instrument:ampCount" : "Twelve",
          "observe:observeType" : "OBJECT",
          "metadata:spnodekey" : "cd747bd3-80ab-4cfe-8c6f-0c28818f8fd5,919caa53-8931-48d4-834b-cb4882fcff9c,5eef59f8-2f70-4c5e-84f3-3e37ccd2dcb1",
          "instrument:disperserLambda" : "550.0",
          "observe:dataLabel" : "GN-2018A-FT-101-2-001",
          "instrument:ccdYBinning" : "2",
          "observe:headerVisibility" : "PUBLIC",
          "telescope:guideWithPWFS2" : "park",
          "instrument:adc" : "No Correction",
          "smartgcal:maperror" : "false",
          "observe:proprietaryMonths" : "6",
          "instrument:ccdXBinning" : "2",
          "instrument:builtinROI" : "Full Frame Readout",
          "instrument:filter" : "r_G0303",
          "observe:exposureTime" : "129.0",
          "observe:class" : "science",
          "observe:status" : "complete",
          "instrument:disperser" : "Mirror",
          "telescope:guideWithOIWFS" : "guide",
          "observe:sciBand" : "1",
          "telescope:p" : "0.0",
          "ocs:obsConditions:CloudCover" : "50",
          "totalTime" : 163300,
          "instrument:detectorManufacturer" : "HAMAMATSU",
          "metadata:complete" : "true",
          "smartgcal:keyProvider" : "edu.gemini.spModel.gemini.gmos.InstGmosNorth@4909b809",
          "ocs:programId" : "GN-2018A-FT-101",
          "instrument:instrument" : "GMOS-N"
        },
        {
          "ocs:obsConditions:TimingWindowRepeat0" : "0",
          "ocs:obsConditions:WaterVapor" : "100",
          "instrument:mosPreimaging" : "No",
          "instrument:version" : "2009A-1",
          "instrument:port" : "side-looking",
          "instrument:gainSetting" : "2",
          "instrument:useNS" : "false",
          "telescope:version" : "2009B-1",
          "instrument:fpu" : "None",
          "ocs:obsConditions:TimingWindowPeriod0" : "0",
          "ocs:obsConditions:ImageQuality" : "70",
          "instrument:observingWavelength" : "0.630",
          "instrument:gainChoice" : "Low",
          "observe:object" : "EMACSJ0324.0+2421",
          "instrument:posAngle" : "0.0",
          "instrument:exposureTime" : "129.0",
          "telescope:Base:name" : "EMACSJ0324.0+2421",
          "telescope:guideWithPWFS1" : "park",
          "metadata:stepcount" : "2",
          "instrument:disperserOrder" : "1",
          "ocs:obsConditions:TimingWindowStart0" : "1517356800000",
          "ocs:observationId" : "GN-2018A-FT-101-2",
          "instrument:ampReadMode" : "Slow",
          "instrument:stageMode" : "Follow in XY",
          "telescope:q" : "0.0",
          "ocs:obsConditions:TimingWindowDuration0" : "7884000000",
          "ocs:obsConditions:SkyBackground" : "50",
          "instrument:dtaXOffset" : "0",
          "instrument:fpuMode" : "Builtin",
          "instrument:ampCount" : "Twelve",
          "observe:observeType" : "OBJECT",
          "metadata:spnodekey" : "cd747bd3-80ab-4cfe-8c6f-0c28818f8fd5,919caa53-8931-48d4-834b-cb4882fcff9c,5eef59f8-2f70-4c5e-84f3-3e37ccd2dcb1",
          "instrument:disperserLambda" : "550.0",
          "observe:dataLabel" : "GN-2018A-FT-101-2-002",
          "instrument:ccdYBinning" : "2",
          "observe:headerVisibility" : "PUBLIC",
          "telescope:guideWithPWFS2" : "park",
          "instrument:adc" : "No Correction",
          "smartgcal:maperror" : "false",
          "observe:proprietaryMonths" : "6",
          "instrument:ccdXBinning" : "2",
          "instrument:builtinROI" : "Full Frame Readout",
          "instrument:filter" : "r_G0303",
          "observe:exposureTime" : "129.0",
          "observe:class" : "science",
          "observe:status" : "complete",
          "instrument:disperser" : "Mirror",
          "telescope:guideWithOIWFS" : "guide",
          "observe:sciBand" : "1",
          "telescope:p" : "5.0",
          "ocs:obsConditions:CloudCover" : "50",
          "totalTime" : 170331,
          "instrument:detectorManufacturer" : "HAMAMATSU",
          "metadata:complete" : "true",
          "smartgcal:keyProvider" : "edu.gemini.spModel.gemini.gmos.InstGmosNorth@4909b809",
          "ocs:programId" : "GN-2018A-FT-101",
          "instrument:instrument" : "GMOS-N"
        },
        {
          "ocs:obsConditions:TimingWindowRepeat0" : "0",
          "ocs:obsConditions:WaterVapor" : "100",
          "instrument:mosPreimaging" : "No",
          "instrument:version" : "2009A-1",
          "instrument:port" : "side-looking",
          "instrument:gainSetting" : "2",
          "instrument:useNS" : "false",
          "telescope:version" : "2009B-1",
          "instrument:fpu" : "None",
          "ocs:obsConditions:TimingWindowPeriod0" : "0",
          "ocs:obsConditions:ImageQuality" : "70",
          "instrument:observingWavelength" : "0.630",
          "instrument:gainChoice" : "Low",
          "observe:object" : "EMACSJ0324.0+2421",
          "instrument:posAngle" : "0.0",
          "instrument:exposureTime" : "129.0",
          "telescope:Base:name" : "EMACSJ0324.0+2421",
          "telescope:guideWithPWFS1" : "park",
          "metadata:stepcount" : "3",
          "instrument:disperserOrder" : "1",
          "ocs:obsConditions:TimingWindowStart0" : "1517356800000",
          "ocs:observationId" : "GN-2018A-FT-101-2",
          "instrument:ampReadMode" : "Slow",
          "instrument:stageMode" : "Follow in XY",
          "telescope:q" : "-3.0",
          "ocs:obsConditions:TimingWindowDuration0" : "7884000000",
          "ocs:obsConditions:SkyBackground" : "50",
          "instrument:dtaXOffset" : "0",
          "instrument:fpuMode" : "Builtin",
          "instrument:ampCount" : "Twelve",
          "observe:observeType" : "OBJECT",
          "metadata:spnodekey" : "cd747bd3-80ab-4cfe-8c6f-0c28818f8fd5,919caa53-8931-48d4-834b-cb4882fcff9c,5eef59f8-2f70-4c5e-84f3-3e37ccd2dcb1",
          "instrument:disperserLambda" : "550.0",
          "observe:dataLabel" : "GN-2018A-FT-101-2-003",
          "instrument:ccdYBinning" : "2",
          "observe:headerVisibility" : "PUBLIC",
          "telescope:guideWithPWFS2" : "park",
          "instrument:adc" : "No Correction",
          "smartgcal:maperror" : "false",
          "observe:proprietaryMonths" : "6",
          "instrument:ccdXBinning" : "2",
          "instrument:builtinROI" : "Full Frame Readout",
          "instrument:filter" : "r_G0303",
          "observe:exposureTime" : "129.0",
          "observe:class" : "science",
          "observe:status" : "complete",
          "instrument:disperser" : "Mirror",
          "telescope:guideWithOIWFS" : "guide",
          "observe:sciBand" : "1",
          "telescope:p" : "4.0",
          "ocs:obsConditions:CloudCover" : "50",
          "totalTime" : 170320,
          "instrument:detectorManufacturer" : "HAMAMATSU",
          "metadata:complete" : "true",
          "smartgcal:keyProvider" : "edu.gemini.spModel.gemini.gmos.InstGmosNorth@4909b809",
          "ocs:programId" : "GN-2018A-FT-101",
          "instrument:instrument" : "GMOS-N"
        },
        {
          "ocs:obsConditions:TimingWindowRepeat0" : "0",
          "ocs:obsConditions:WaterVapor" : "100",
          "instrument:mosPreimaging" : "No",
          "instrument:version" : "2009A-1",
          "instrument:port" : "side-looking",
          "instrument:gainSetting" : "2",
          "instrument:useNS" : "false",
          "telescope:version" : "2009B-1",
          "instrument:fpu" : "None",
          "ocs:obsConditions:TimingWindowPeriod0" : "0",
          "ocs:obsConditions:ImageQuality" : "70",
          "instrument:observingWavelength" : "0.630",
          "instrument:gainChoice" : "Low",
          "observe:object" : "EMACSJ0324.0+2421",
          "instrument:posAngle" : "0.0",
          "instrument:exposureTime" : "129.0",
          "telescope:Base:name" : "EMACSJ0324.0+2421",
          "telescope:guideWithPWFS1" : "park",
          "metadata:stepcount" : "4",
          "instrument:disperserOrder" : "1",
          "ocs:obsConditions:TimingWindowStart0" : "1517356800000",
          "ocs:observationId" : "GN-2018A-FT-101-2",
          "instrument:ampReadMode" : "Slow",
          "instrument:stageMode" : "Follow in XY",
          "telescope:q" : "-5.0",
          "ocs:obsConditions:TimingWindowDuration0" : "7884000000",
          "ocs:obsConditions:SkyBackground" : "50",
          "instrument:dtaXOffset" : "0",
          "instrument:fpuMode" : "Builtin",
          "instrument:ampCount" : "Twelve",
          "observe:observeType" : "OBJECT",
          "metadata:spnodekey" : "cd747bd3-80ab-4cfe-8c6f-0c28818f8fd5,919caa53-8931-48d4-834b-cb4882fcff9c,5eef59f8-2f70-4c5e-84f3-3e37ccd2dcb1",
          "instrument:disperserLambda" : "550.0",
          "observe:dataLabel" : "GN-2018A-FT-101-2-004",
          "instrument:ccdYBinning" : "2",
          "observe:headerVisibility" : "PUBLIC",
          "telescope:guideWithPWFS2" : "park",
          "instrument:adc" : "No Correction",
          "smartgcal:maperror" : "false",
          "observe:proprietaryMonths" : "6",
          "instrument:ccdXBinning" : "2",
          "instrument:builtinROI" : "Full Frame Readout",
          "instrument:filter" : "r_G0303",
          "observe:exposureTime" : "129.0",
          "observe:class" : "science",
          "observe:status" : "complete",
          "instrument:disperser" : "Mirror",
          "telescope:guideWithOIWFS" : "guide",
          "observe:sciBand" : "1",
          "telescope:p" : "1.0",
          "ocs:obsConditions:CloudCover" : "50",
          "totalTime" : 170323,
          "instrument:detectorManufacturer" : "HAMAMATSU",
          "metadata:complete" : "true",
          "smartgcal:keyProvider" : "edu.gemini.spModel.gemini.gmos.InstGmosNorth@4909b809",
          "ocs:programId" : "GN-2018A-FT-101",
          "instrument:instrument" : "GMOS-N"
        },
        {
          "ocs:obsConditions:TimingWindowRepeat0" : "0",
          "ocs:obsConditions:WaterVapor" : "100",
          "instrument:mosPreimaging" : "No",
          "instrument:version" : "2009A-1",
          "instrument:port" : "side-looking",
          "instrument:gainSetting" : "2",
          "instrument:useNS" : "false",
          "telescope:version" : "2009B-1",
          "instrument:fpu" : "None",
          "ocs:obsConditions:TimingWindowPeriod0" : "0",
          "ocs:obsConditions:ImageQuality" : "70",
          "instrument:observingWavelength" : "0.630",
          "instrument:gainChoice" : "Low",
          "observe:object" : "EMACSJ0324.0+2421",
          "instrument:posAngle" : "0.0",
          "instrument:exposureTime" : "129.0",
          "telescope:Base:name" : "EMACSJ0324.0+2421",
          "telescope:guideWithPWFS1" : "park",
          "metadata:stepcount" : "5",
          "instrument:disperserOrder" : "1",
          "ocs:obsConditions:TimingWindowStart0" : "1517356800000",
          "ocs:observationId" : "GN-2018A-FT-101-2",
          "instrument:ampReadMode" : "Slow",
          "instrument:stageMode" : "Follow in XY",
          "telescope:q" : "-4.0",
          "ocs:obsConditions:TimingWindowDuration0" : "7884000000",
          "ocs:obsConditions:SkyBackground" : "50",
          "instrument:dtaXOffset" : "0",
          "instrument:fpuMode" : "Builtin",
          "instrument:ampCount" : "Twelve",
          "observe:observeType" : "OBJECT",
          "metadata:spnodekey" : "cd747bd3-80ab-4cfe-8c6f-0c28818f8fd5,919caa53-8931-48d4-834b-cb4882fcff9c,5eef59f8-2f70-4c5e-84f3-3e37ccd2dcb1",
          "instrument:disperserLambda" : "550.0",
          "observe:dataLabel" : "GN-2018A-FT-101-2-005",
          "instrument:ccdYBinning" : "2",
          "observe:headerVisibility" : "PUBLIC",
          "telescope:guideWithPWFS2" : "park",
          "instrument:adc" : "No Correction",
          "smartgcal:maperror" : "false",
          "observe:proprietaryMonths" : "6",
          "instrument:ccdXBinning" : "2",
          "instrument:builtinROI" : "Full Frame Readout",
          "instrument:filter" : "r_G0303",
          "observe:exposureTime" : "129.0",
          "observe:class" : "science",
          "observe:status" : "complete",
          "instrument:disperser" : "Mirror",
          "telescope:guideWithOIWFS" : "guide",
          "observe:sciBand" : "1",
          "telescope:p" : "-2.0",
          "ocs:obsConditions:CloudCover" : "50",
          "totalTime" : 170320,
          "instrument:detectorManufacturer" : "HAMAMATSU",
          "metadata:complete" : "true",
          "smartgcal:keyProvider" : "edu.gemini.spModel.gemini.gmos.InstGmosNorth@4909b809",
          "ocs:programId" : "GN-2018A-FT-101",
          "instrument:instrument" : "GMOS-N"
        },
        {
          "ocs:obsConditions:TimingWindowRepeat0" : "0",
          "ocs:obsConditions:WaterVapor" : "100",
          "instrument:mosPreimaging" : "No",
          "instrument:version" : "2009A-1",
          "instrument:port" : "side-looking",
          "instrument:gainSetting" : "2",
          "instrument:useNS" : "false",
          "telescope:version" : "2009B-1",
          "instrument:fpu" : "None",
          "ocs:obsConditions:TimingWindowPeriod0" : "0",
          "ocs:obsConditions:ImageQuality" : "70",
          "instrument:observingWavelength" : "0.630",
          "instrument:gainChoice" : "Low",
          "observe:object" : "EMACSJ0324.0+2421",
          "instrument:posAngle" : "0.0",
          "instrument:exposureTime" : "129.0",
          "telescope:Base:name" : "EMACSJ0324.0+2421",
          "telescope:guideWithPWFS1" : "park",
          "metadata:stepcount" : "6",
          "instrument:disperserOrder" : "1",
          "ocs:obsConditions:TimingWindowStart0" : "1517356800000",
          "ocs:observationId" : "GN-2018A-FT-101-2",
          "instrument:ampReadMode" : "Slow",
          "instrument:stageMode" : "Follow in XY",
          "telescope:q" : "-2.0",
          "ocs:obsConditions:TimingWindowDuration0" : "7884000000",
          "ocs:obsConditions:SkyBackground" : "50",
          "instrument:dtaXOffset" : "0",
          "instrument:fpuMode" : "Builtin",
          "instrument:ampCount" : "Twelve",
          "observe:observeType" : "OBJECT",
          "metadata:spnodekey" : "cd747bd3-80ab-4cfe-8c6f-0c28818f8fd5,919caa53-8931-48d4-834b-cb4882fcff9c,5eef59f8-2f70-4c5e-84f3-3e37ccd2dcb1",
          "instrument:disperserLambda" : "550.0",
          "observe:dataLabel" : "GN-2018A-FT-101-2-006",
          "instrument:ccdYBinning" : "2",
          "observe:headerVisibility" : "PUBLIC",
          "telescope:guideWithPWFS2" : "park",
          "instrument:adc" : "No Correction",
          "smartgcal:maperror" : "false",
          "observe:proprietaryMonths" : "6",
          "instrument:ccdXBinning" : "2",
          "instrument:builtinROI" : "Full Frame Readout",
          "instrument:filter" : "r_G0303",
          "observe:exposureTime" : "129.0",
          "observe:class" : "science",
          "observe:status" : "complete",
          "instrument:disperser" : "Mirror",
          "telescope:guideWithOIWFS" : "guide",
          "observe:sciBand" : "1",
          "telescope:p" : "-5.0",
          "ocs:obsConditions:CloudCover" : "50",
          "totalTime" : 170323,
          "instrument:detectorManufacturer" : "HAMAMATSU",
          "metadata:complete" : "true",
          "smartgcal:keyProvider" : "edu.gemini.spModel.gemini.gmos.InstGmosNorth@4909b809",
          "ocs:programId" : "GN-2018A-FT-101",
          "instrument:instrument" : "GMOS-N"
        },
        {
          "ocs:obsConditions:TimingWindowRepeat0" : "0",
          "ocs:obsConditions:WaterVapor" : "100",
          "instrument:mosPreimaging" : "No",
          "instrument:version" : "2009A-1",
          "instrument:port" : "side-looking",
          "instrument:gainSetting" : "2",
          "instrument:useNS" : "false",
          "telescope:version" : "2009B-1",
          "instrument:fpu" : "None",
          "ocs:obsConditions:TimingWindowPeriod0" : "0",
          "ocs:obsConditions:ImageQuality" : "70",
          "instrument:observingWavelength" : "0.630",
          "instrument:gainChoice" : "Low",
          "observe:object" : "EMACSJ0324.0+2421",
          "instrument:posAngle" : "0.0",
          "instrument:exposureTime" : "129.0",
          "telescope:Base:name" : "EMACSJ0324.0+2421",
          "telescope:guideWithPWFS1" : "park",
          "metadata:stepcount" : "7",
          "instrument:disperserOrder" : "1",
          "ocs:obsConditions:TimingWindowStart0" : "1517356800000",
          "ocs:observationId" : "GN-2018A-FT-101-2",
          "instrument:ampReadMode" : "Slow",
          "instrument:stageMode" : "Follow in XY",
          "telescope:q" : "2.0",
          "ocs:obsConditions:TimingWindowDuration0" : "7884000000",
          "ocs:obsConditions:SkyBackground" : "50",
          "instrument:dtaXOffset" : "0",
          "instrument:fpuMode" : "Builtin",
          "instrument:ampCount" : "Twelve",
          "observe:observeType" : "OBJECT",
          "metadata:spnodekey" : "cd747bd3-80ab-4cfe-8c6f-0c28818f8fd5,919caa53-8931-48d4-834b-cb4882fcff9c,5eef59f8-2f70-4c5e-84f3-3e37ccd2dcb1",
          "instrument:disperserLambda" : "550.0",
          "observe:dataLabel" : "GN-2018A-FT-101-2-007",
          "instrument:ccdYBinning" : "2",
          "observe:headerVisibility" : "PUBLIC",
          "telescope:guideWithPWFS2" : "park",
          "instrument:adc" : "No Correction",
          "smartgcal:maperror" : "false",
          "observe:proprietaryMonths" : "6",
          "instrument:ccdXBinning" : "2",
          "instrument:builtinROI" : "Full Frame Readout",
          "instrument:filter" : "r_G0303",
          "observe:exposureTime" : "129.0",
          "observe:class" : "science",
          "observe:status" : "complete",
          "instrument:disperser" : "Mirror",
          "telescope:guideWithOIWFS" : "guide",
          "observe:sciBand" : "1",
          "telescope:p" : "-5.0",
          "ocs:obsConditions:CloudCover" : "50",
          "totalTime" : 170325,
          "instrument:detectorManufacturer" : "HAMAMATSU",
          "metadata:complete" : "true",
          "smartgcal:keyProvider" : "edu.gemini.spModel.gemini.gmos.InstGmosNorth@4909b809",
          "ocs:programId" : "GN-2018A-FT-101",
          "instrument:instrument" : "GMOS-N"
        },
        {
          "ocs:obsConditions:TimingWindowRepeat0" : "0",
          "ocs:obsConditions:WaterVapor" : "100",
          "instrument:mosPreimaging" : "No",
          "instrument:version" : "2009A-1",
          "instrument:port" : "side-looking",
          "instrument:gainSetting" : "2",
          "instrument:useNS" : "false",
          "telescope:version" : "2009B-1",
          "instrument:fpu" : "None",
          "ocs:obsConditions:TimingWindowPeriod0" : "0",
          "ocs:obsConditions:ImageQuality" : "70",
          "instrument:observingWavelength" : "0.630",
          "instrument:gainChoice" : "Low",
          "observe:object" : "EMACSJ0324.0+2421",
          "instrument:posAngle" : "0.0",
          "instrument:exposureTime" : "129.0",
          "telescope:Base:name" : "EMACSJ0324.0+2421",
          "telescope:guideWithPWFS1" : "park",
          "metadata:stepcount" : "8",
          "instrument:disperserOrder" : "1",
          "ocs:obsConditions:TimingWindowStart0" : "1517356800000",
          "ocs:observationId" : "GN-2018A-FT-101-2",
          "instrument:ampReadMode" : "Slow",
          "instrument:stageMode" : "Follow in XY",
          "telescope:q" : "4.0",
          "ocs:obsConditions:TimingWindowDuration0" : "7884000000",
          "ocs:obsConditions:SkyBackground" : "50",
          "instrument:dtaXOffset" : "0",
          "instrument:fpuMode" : "Builtin",
          "instrument:ampCount" : "Twelve",
          "observe:observeType" : "OBJECT",
          "metadata:spnodekey" : "cd747bd3-80ab-4cfe-8c6f-0c28818f8fd5,919caa53-8931-48d4-834b-cb4882fcff9c,5eef59f8-2f70-4c5e-84f3-3e37ccd2dcb1",
          "instrument:disperserLambda" : "550.0",
          "observe:dataLabel" : "GN-2018A-FT-101-2-008",
          "instrument:ccdYBinning" : "2",
          "observe:headerVisibility" : "PUBLIC",
          "telescope:guideWithPWFS2" : "park",
          "instrument:adc" : "No Correction",
          "smartgcal:maperror" : "false",
          "observe:proprietaryMonths" : "6",
          "instrument:ccdXBinning" : "2",
          "instrument:builtinROI" : "Full Frame Readout",
          "instrument:filter" : "r_G0303",
          "observe:exposureTime" : "129.0",
          "observe:class" : "science",
          "observe:status" : "complete",
          "instrument:disperser" : "Mirror",
          "telescope:guideWithOIWFS" : "guide",
          "observe:sciBand" : "1",
          "telescope:p" : "-3.0",
          "ocs:obsConditions:CloudCover" : "50",
          "totalTime" : 170318,
          "instrument:detectorManufacturer" : "HAMAMATSU",
          "metadata:complete" : "true",
          "smartgcal:keyProvider" : "edu.gemini.spModel.gemini.gmos.InstGmosNorth@4909b809",
          "ocs:programId" : "GN-2018A-FT-101",
          "instrument:instrument" : "GMOS-N"
        },
        {
          "ocs:obsConditions:TimingWindowRepeat0" : "0",
          "ocs:obsConditions:WaterVapor" : "100",
          "instrument:mosPreimaging" : "No",
          "instrument:version" : "2009A-1",
          "instrument:port" : "side-looking",
          "instrument:gainSetting" : "2",
          "instrument:useNS" : "false",
          "telescope:version" : "2009B-1",
          "instrument:fpu" : "None",
          "ocs:obsConditions:TimingWindowPeriod0" : "0",
          "ocs:obsConditions:ImageQuality" : "70",
          "instrument:observingWavelength" : "0.630",
          "instrument:gainChoice" : "Low",
          "observe:object" : "EMACSJ0324.0+2421",
          "instrument:posAngle" : "0.0",
          "instrument:exposureTime" : "129.0",
          "telescope:Base:name" : "EMACSJ0324.0+2421",
          "telescope:guideWithPWFS1" : "park",
          "metadata:stepcount" : "9",
          "instrument:disperserOrder" : "1",
          "ocs:obsConditions:TimingWindowStart0" : "1517356800000",
          "ocs:observationId" : "GN-2018A-FT-101-2",
          "instrument:ampReadMode" : "Slow",
          "instrument:stageMode" : "Follow in XY",
          "telescope:q" : "5.0",
          "ocs:obsConditions:TimingWindowDuration0" : "7884000000",
          "ocs:obsConditions:SkyBackground" : "50",
          "instrument:dtaXOffset" : "0",
          "instrument:fpuMode" : "Builtin",
          "instrument:ampCount" : "Twelve",
          "observe:observeType" : "OBJECT",
          "metadata:spnodekey" : "cd747bd3-80ab-4cfe-8c6f-0c28818f8fd5,919caa53-8931-48d4-834b-cb4882fcff9c,5eef59f8-2f70-4c5e-84f3-3e37ccd2dcb1",
          "instrument:disperserLambda" : "550.0",
          "observe:dataLabel" : "GN-2018A-FT-101-2-009",
          "instrument:ccdYBinning" : "2",
          "observe:headerVisibility" : "PUBLIC",
          "telescope:guideWithPWFS2" : "park",
          "instrument:adc" : "No Correction",
          "smartgcal:maperror" : "false",
          "observe:proprietaryMonths" : "6",
          "instrument:ccdXBinning" : "2",
          "instrument:builtinROI" : "Full Frame Readout",
          "instrument:filter" : "r_G0303",
          "observe:exposureTime" : "129.0",
          "observe:class" : "science",
          "observe:status" : "complete",
          "instrument:disperser" : "Mirror",
          "telescope:guideWithOIWFS" : "guide",
          "observe:sciBand" : "1",
          "telescope:p" : "1.0",
          "ocs:obsConditions:CloudCover" : "50",
          "totalTime" : 170326,
          "instrument:detectorManufacturer" : "HAMAMATSU",
          "metadata:complete" : "true",
          "smartgcal:keyProvider" : "edu.gemini.spModel.gemini.gmos.InstGmosNorth@4909b809",
          "ocs:programId" : "GN-2018A-FT-101",
          "instrument:instrument" : "GMOS-N"
        },
        {
          "ocs:obsConditions:TimingWindowRepeat0" : "0",
          "ocs:obsConditions:WaterVapor" : "100",
          "instrument:mosPreimaging" : "No",
          "instrument:version" : "2009A-1",
          "instrument:port" : "side-looking",
          "instrument:gainSetting" : "2",
          "instrument:useNS" : "false",
          "telescope:version" : "2009B-1",
          "instrument:fpu" : "None",
          "ocs:obsConditions:TimingWindowPeriod0" : "0",
          "ocs:obsConditions:ImageQuality" : "70",
          "instrument:observingWavelength" : "0.630",
          "instrument:gainChoice" : "Low",
          "observe:object" : "EMACSJ0324.0+2421",
          "instrument:posAngle" : "0.0",
          "instrument:exposureTime" : "129.0",
          "telescope:Base:name" : "EMACSJ0324.0+2421",
          "telescope:guideWithPWFS1" : "park",
          "metadata:stepcount" : "10",
          "instrument:disperserOrder" : "1",
          "ocs:obsConditions:TimingWindowStart0" : "1517356800000",
          "ocs:observationId" : "GN-2018A-FT-101-2",
          "instrument:ampReadMode" : "Slow",
          "instrument:stageMode" : "Follow in XY",
          "telescope:q" : "3.0",
          "ocs:obsConditions:TimingWindowDuration0" : "7884000000",
          "ocs:obsConditions:SkyBackground" : "50",
          "instrument:dtaXOffset" : "0",
          "instrument:fpuMode" : "Builtin",
          "instrument:ampCount" : "Twelve",
          "observe:observeType" : "OBJECT",
          "metadata:spnodekey" : "cd747bd3-80ab-4cfe-8c6f-0c28818f8fd5,919caa53-8931-48d4-834b-cb4882fcff9c,5eef59f8-2f70-4c5e-84f3-3e37ccd2dcb1",
          "instrument:disperserLambda" : "550.0",
          "observe:dataLabel" : "GN-2018A-FT-101-2-010",
          "instrument:ccdYBinning" : "2",
          "observe:headerVisibility" : "PUBLIC",
          "telescope:guideWithPWFS2" : "park",
          "instrument:adc" : "No Correction",
          "smartgcal:maperror" : "false",
          "observe:proprietaryMonths" : "6",
          "instrument:ccdXBinning" : "2",
          "instrument:builtinROI" : "Full Frame Readout",
          "instrument:filter" : "r_G0303",
          "observe:exposureTime" : "129.0",
          "observe:class" : "science",
          "observe:status" : "complete",
          "instrument:disperser" : "Mirror",
          "telescope:guideWithOIWFS" : "guide",
          "observe:sciBand" : "1",
          "telescope:p" : "4.0",
          "ocs:obsConditions:CloudCover" : "50",
          "totalTime" : 170323,
          "instrument:detectorManufacturer" : "HAMAMATSU",
          "metadata:complete" : "true",
          "smartgcal:keyProvider" : "edu.gemini.spModel.gemini.gmos.InstGmosNorth@4909b809",
          "ocs:programId" : "GN-2018A-FT-101",
          "instrument:instrument" : "GMOS-N"
        },
        {
          "ocs:obsConditions:TimingWindowRepeat0" : "0",
          "ocs:obsConditions:WaterVapor" : "100",
          "instrument:mosPreimaging" : "No",
          "instrument:version" : "2009A-1",
          "instrument:port" : "side-looking",
          "instrument:gainSetting" : "2",
          "instrument:useNS" : "false",
          "telescope:version" : "2009B-1",
          "instrument:fpu" : "None",
          "ocs:obsConditions:TimingWindowPeriod0" : "0",
          "ocs:obsConditions:ImageQuality" : "70",
          "instrument:observingWavelength" : "0.780",
          "instrument:gainChoice" : "Low",
          "observe:object" : "EMACSJ0324.0+2421",
          "instrument:posAngle" : "0.0",
          "instrument:exposureTime" : "129.0",
          "telescope:Base:name" : "EMACSJ0324.0+2421",
          "telescope:guideWithPWFS1" : "park",
          "metadata:stepcount" : "11",
          "instrument:disperserOrder" : "1",
          "ocs:obsConditions:TimingWindowStart0" : "1517356800000",
          "ocs:observationId" : "GN-2018A-FT-101-2",
          "instrument:ampReadMode" : "Slow",
          "instrument:stageMode" : "Follow in XY",
          "telescope:q" : "0.0",
          "ocs:obsConditions:TimingWindowDuration0" : "7884000000",
          "ocs:obsConditions:SkyBackground" : "50",
          "instrument:dtaXOffset" : "0",
          "instrument:fpuMode" : "Builtin",
          "instrument:ampCount" : "Twelve",
          "observe:observeType" : "OBJECT",
          "metadata:spnodekey" : "cd747bd3-80ab-4cfe-8c6f-0c28818f8fd5,919caa53-8931-48d4-834b-cb4882fcff9c,5eef59f8-2f70-4c5e-84f3-3e37ccd2dcb1",
          "instrument:disperserLambda" : "550.0",
          "observe:dataLabel" : "GN-2018A-FT-101-2-011",
          "instrument:ccdYBinning" : "2",
          "observe:headerVisibility" : "PUBLIC",
          "telescope:guideWithPWFS2" : "park",
          "instrument:adc" : "No Correction",
          "smartgcal:maperror" : "false",
          "observe:proprietaryMonths" : "6",
          "instrument:ccdXBinning" : "2",
          "instrument:builtinROI" : "Full Frame Readout",
          "instrument:filter" : "i_G0302",
          "observe:exposureTime" : "129.0",
          "observe:class" : "science",
          "observe:status" : "complete",
          "instrument:disperser" : "Mirror",
          "telescope:guideWithOIWFS" : "guide",
          "observe:sciBand" : "1",
          "telescope:p" : "0.0",
          "ocs:obsConditions:CloudCover" : "50",
          "totalTime" : 183300,
          "instrument:detectorManufacturer" : "HAMAMATSU",
          "metadata:complete" : "true",
          "smartgcal:keyProvider" : "edu.gemini.spModel.gemini.gmos.InstGmosNorth@4909b809",
          "ocs:programId" : "GN-2018A-FT-101",
          "instrument:instrument" : "GMOS-N"
        },
        {
          "ocs:obsConditions:TimingWindowRepeat0" : "0",
          "ocs:obsConditions:WaterVapor" : "100",
          "instrument:mosPreimaging" : "No",
          "instrument:version" : "2009A-1",
          "instrument:port" : "side-looking",
          "instrument:gainSetting" : "2",
          "instrument:useNS" : "false",
          "telescope:version" : "2009B-1",
          "instrument:fpu" : "None",
          "ocs:obsConditions:TimingWindowPeriod0" : "0",
          "ocs:obsConditions:ImageQuality" : "70",
          "instrument:observingWavelength" : "0.780",
          "instrument:gainChoice" : "Low",
          "observe:object" : "EMACSJ0324.0+2421",
          "instrument:posAngle" : "0.0",
          "instrument:exposureTime" : "129.0",
          "telescope:Base:name" : "EMACSJ0324.0+2421",
          "telescope:guideWithPWFS1" : "park",
          "metadata:stepcount" : "12",
          "instrument:disperserOrder" : "1",
          "ocs:obsConditions:TimingWindowStart0" : "1517356800000",
          "ocs:observationId" : "GN-2018A-FT-101-2",
          "instrument:ampReadMode" : "Slow",
          "instrument:stageMode" : "Follow in XY",
          "telescope:q" : "0.0",
          "ocs:obsConditions:TimingWindowDuration0" : "7884000000",
          "ocs:obsConditions:SkyBackground" : "50",
          "instrument:dtaXOffset" : "0",
          "instrument:fpuMode" : "Builtin",
          "instrument:ampCount" : "Twelve",
          "observe:observeType" : "OBJECT",
          "metadata:spnodekey" : "cd747bd3-80ab-4cfe-8c6f-0c28818f8fd5,919caa53-8931-48d4-834b-cb4882fcff9c,5eef59f8-2f70-4c5e-84f3-3e37ccd2dcb1",
          "instrument:disperserLambda" : "550.0",
          "observe:dataLabel" : "GN-2018A-FT-101-2-012",
          "instrument:ccdYBinning" : "2",
          "observe:headerVisibility" : "PUBLIC",
          "telescope:guideWithPWFS2" : "park",
          "instrument:adc" : "No Correction",
          "smartgcal:maperror" : "false",
          "observe:proprietaryMonths" : "6",
          "instrument:ccdXBinning" : "2",
          "instrument:builtinROI" : "Full Frame Readout",
          "instrument:filter" : "i_G0302",
          "observe:exposureTime" : "129.0",
          "observe:class" : "science",
          "observe:status" : "complete",
          "instrument:disperser" : "Mirror",
          "telescope:guideWithOIWFS" : "guide",
          "observe:sciBand" : "1",
          "telescope:p" : "5.0",
          "ocs:obsConditions:CloudCover" : "50",
          "totalTime" : 170331,
          "instrument:detectorManufacturer" : "HAMAMATSU",
          "metadata:complete" : "true",
          "smartgcal:keyProvider" : "edu.gemini.spModel.gemini.gmos.InstGmosNorth@4909b809",
          "ocs:programId" : "GN-2018A-FT-101",
          "instrument:instrument" : "GMOS-N"
        },
        {
          "ocs:obsConditions:TimingWindowRepeat0" : "0",
          "ocs:obsConditions:WaterVapor" : "100",
          "instrument:mosPreimaging" : "No",
          "instrument:version" : "2009A-1",
          "instrument:port" : "side-looking",
          "instrument:gainSetting" : "2",
          "instrument:useNS" : "false",
          "telescope:version" : "2009B-1",
          "instrument:fpu" : "None",
          "ocs:obsConditions:TimingWindowPeriod0" : "0",
          "ocs:obsConditions:ImageQuality" : "70",
          "instrument:observingWavelength" : "0.780",
          "instrument:gainChoice" : "Low",
          "observe:object" : "EMACSJ0324.0+2421",
          "instrument:posAngle" : "0.0",
          "instrument:exposureTime" : "129.0",
          "telescope:Base:name" : "EMACSJ0324.0+2421",
          "telescope:guideWithPWFS1" : "park",
          "metadata:stepcount" : "13",
          "instrument:disperserOrder" : "1",
          "ocs:obsConditions:TimingWindowStart0" : "1517356800000",
          "ocs:observationId" : "GN-2018A-FT-101-2",
          "instrument:ampReadMode" : "Slow",
          "instrument:stageMode" : "Follow in XY",
          "telescope:q" : "-3.0",
          "ocs:obsConditions:TimingWindowDuration0" : "7884000000",
          "ocs:obsConditions:SkyBackground" : "50",
          "instrument:dtaXOffset" : "0",
          "instrument:fpuMode" : "Builtin",
          "instrument:ampCount" : "Twelve",
          "observe:observeType" : "OBJECT",
          "metadata:spnodekey" : "cd747bd3-80ab-4cfe-8c6f-0c28818f8fd5,919caa53-8931-48d4-834b-cb4882fcff9c,5eef59f8-2f70-4c5e-84f3-3e37ccd2dcb1",
          "instrument:disperserLambda" : "550.0",
          "observe:dataLabel" : "GN-2018A-FT-101-2-013",
          "instrument:ccdYBinning" : "2",
          "observe:headerVisibility" : "PUBLIC",
          "telescope:guideWithPWFS2" : "park",
          "instrument:adc" : "No Correction",
          "smartgcal:maperror" : "false",
          "observe:proprietaryMonths" : "6",
          "instrument:ccdXBinning" : "2",
          "instrument:builtinROI" : "Full Frame Readout",
          "instrument:filter" : "i_G0302",
          "observe:exposureTime" : "129.0",
          "observe:class" : "science",
          "observe:status" : "complete",
          "instrument:disperser" : "Mirror",
          "telescope:guideWithOIWFS" : "guide",
          "observe:sciBand" : "1",
          "telescope:p" : "4.0",
          "ocs:obsConditions:CloudCover" : "50",
          "totalTime" : 170320,
          "instrument:detectorManufacturer" : "HAMAMATSU",
          "metadata:complete" : "true",
          "smartgcal:keyProvider" : "edu.gemini.spModel.gemini.gmos.InstGmosNorth@4909b809",
          "ocs:programId" : "GN-2018A-FT-101",
          "instrument:instrument" : "GMOS-N"
        },
        {
          "ocs:obsConditions:TimingWindowRepeat0" : "0",
          "ocs:obsConditions:WaterVapor" : "100",
          "instrument:mosPreimaging" : "No",
          "instrument:version" : "2009A-1",
          "instrument:port" : "side-looking",
          "instrument:gainSetting" : "2",
          "instrument:useNS" : "false",
          "telescope:version" : "2009B-1",
          "instrument:fpu" : "None",
          "ocs:obsConditions:TimingWindowPeriod0" : "0",
          "ocs:obsConditions:ImageQuality" : "70",
          "instrument:observingWavelength" : "0.780",
          "instrument:gainChoice" : "Low",
          "observe:object" : "EMACSJ0324.0+2421",
          "instrument:posAngle" : "0.0",
          "instrument:exposureTime" : "129.0",
          "telescope:Base:name" : "EMACSJ0324.0+2421",
          "telescope:guideWithPWFS1" : "park",
          "metadata:stepcount" : "14",
          "instrument:disperserOrder" : "1",
          "ocs:obsConditions:TimingWindowStart0" : "1517356800000",
          "ocs:observationId" : "GN-2018A-FT-101-2",
          "instrument:ampReadMode" : "Slow",
          "instrument:stageMode" : "Follow in XY",
          "telescope:q" : "-5.0",
          "ocs:obsConditions:TimingWindowDuration0" : "7884000000",
          "ocs:obsConditions:SkyBackground" : "50",
          "instrument:dtaXOffset" : "0",
          "instrument:fpuMode" : "Builtin",
          "instrument:ampCount" : "Twelve",
          "observe:observeType" : "OBJECT",
          "metadata:spnodekey" : "cd747bd3-80ab-4cfe-8c6f-0c28818f8fd5,919caa53-8931-48d4-834b-cb4882fcff9c,5eef59f8-2f70-4c5e-84f3-3e37ccd2dcb1",
          "instrument:disperserLambda" : "550.0",
          "observe:dataLabel" : "GN-2018A-FT-101-2-014",
          "instrument:ccdYBinning" : "2",
          "observe:headerVisibility" : "PUBLIC",
          "telescope:guideWithPWFS2" : "park",
          "instrument:adc" : "No Correction",
          "smartgcal:maperror" : "false",
          "observe:proprietaryMonths" : "6",
          "instrument:ccdXBinning" : "2",
          "instrument:builtinROI" : "Full Frame Readout",
          "instrument:filter" : "i_G0302",
          "observe:exposureTime" : "129.0",
          "observe:class" : "science",
          "observe:status" : "complete",
          "instrument:disperser" : "Mirror",
          "telescope:guideWithOIWFS" : "guide",
          "observe:sciBand" : "1",
          "telescope:p" : "1.0",
          "ocs:obsConditions:CloudCover" : "50",
          "totalTime" : 170323,
          "instrument:detectorManufacturer" : "HAMAMATSU",
          "metadata:complete" : "true",
          "smartgcal:keyProvider" : "edu.gemini.spModel.gemini.gmos.InstGmosNorth@4909b809",
          "ocs:programId" : "GN-2018A-FT-101",
          "instrument:instrument" : "GMOS-N"
        },
        {
          "ocs:obsConditions:TimingWindowRepeat0" : "0",
          "ocs:obsConditions:WaterVapor" : "100",
          "instrument:mosPreimaging" : "No",
          "instrument:version" : "2009A-1",
          "instrument:port" : "side-looking",
          "instrument:gainSetting" : "2",
          "instrument:useNS" : "false",
          "telescope:version" : "2009B-1",
          "instrument:fpu" : "None",
          "ocs:obsConditions:TimingWindowPeriod0" : "0",
          "ocs:obsConditions:ImageQuality" : "70",
          "instrument:observingWavelength" : "0.780",
          "instrument:gainChoice" : "Low",
          "observe:object" : "EMACSJ0324.0+2421",
          "instrument:posAngle" : "0.0",
          "instrument:exposureTime" : "129.0",
          "telescope:Base:name" : "EMACSJ0324.0+2421",
          "telescope:guideWithPWFS1" : "park",
          "metadata:stepcount" : "15",
          "instrument:disperserOrder" : "1",
          "ocs:obsConditions:TimingWindowStart0" : "1517356800000",
          "ocs:observationId" : "GN-2018A-FT-101-2",
          "instrument:ampReadMode" : "Slow",
          "instrument:stageMode" : "Follow in XY",
          "telescope:q" : "-4.0",
          "ocs:obsConditions:TimingWindowDuration0" : "7884000000",
          "ocs:obsConditions:SkyBackground" : "50",
          "instrument:dtaXOffset" : "0",
          "instrument:fpuMode" : "Builtin",
          "instrument:ampCount" : "Twelve",
          "observe:observeType" : "OBJECT",
          "metadata:spnodekey" : "cd747bd3-80ab-4cfe-8c6f-0c28818f8fd5,919caa53-8931-48d4-834b-cb4882fcff9c,5eef59f8-2f70-4c5e-84f3-3e37ccd2dcb1",
          "instrument:disperserLambda" : "550.0",
          "observe:dataLabel" : "GN-2018A-FT-101-2-015",
          "instrument:ccdYBinning" : "2",
          "observe:headerVisibility" : "PUBLIC",
          "telescope:guideWithPWFS2" : "park",
          "instrument:adc" : "No Correction",
          "smartgcal:maperror" : "false",
          "observe:proprietaryMonths" : "6",
          "instrument:ccdXBinning" : "2",
          "instrument:builtinROI" : "Full Frame Readout",
          "instrument:filter" : "i_G0302",
          "observe:exposureTime" : "129.0",
          "observe:class" : "science",
          "observe:status" : "complete",
          "instrument:disperser" : "Mirror",
          "telescope:guideWithOIWFS" : "guide",
          "observe:sciBand" : "1",
          "telescope:p" : "-2.0",
          "ocs:obsConditions:CloudCover" : "50",
          "totalTime" : 170320,
          "instrument:detectorManufacturer" : "HAMAMATSU",
          "metadata:complete" : "true",
          "smartgcal:keyProvider" : "edu.gemini.spModel.gemini.gmos.InstGmosNorth@4909b809",
          "ocs:programId" : "GN-2018A-FT-101",
          "instrument:instrument" : "GMOS-N"
        },
        {
          "ocs:obsConditions:TimingWindowRepeat0" : "0",
          "ocs:obsConditions:WaterVapor" : "100",
          "instrument:mosPreimaging" : "No",
          "instrument:version" : "2009A-1",
          "instrument:port" : "side-looking",
          "instrument:gainSetting" : "2",
          "instrument:useNS" : "false",
          "telescope:version" : "2009B-1",
          "instrument:fpu" : "None",
          "ocs:obsConditions:TimingWindowPeriod0" : "0",
          "ocs:obsConditions:ImageQuality" : "70",
          "instrument:observingWavelength" : "0.780",
          "instrument:gainChoice" : "Low",
          "observe:object" : "EMACSJ0324.0+2421",
          "instrument:posAngle" : "0.0",
          "instrument:exposureTime" : "129.0",
          "telescope:Base:name" : "EMACSJ0324.0+2421",
          "telescope:guideWithPWFS1" : "park",
          "metadata:stepcount" : "16",
          "instrument:disperserOrder" : "1",
          "ocs:obsConditions:TimingWindowStart0" : "1517356800000",
          "ocs:observationId" : "GN-2018A-FT-101-2",
          "instrument:ampReadMode" : "Slow",
          "instrument:stageMode" : "Follow in XY",
          "telescope:q" : "-2.0",
          "ocs:obsConditions:TimingWindowDuration0" : "7884000000",
          "ocs:obsConditions:SkyBackground" : "50",
          "instrument:dtaXOffset" : "0",
          "instrument:fpuMode" : "Builtin",
          "instrument:ampCount" : "Twelve",
          "observe:observeType" : "OBJECT",
          "metadata:spnodekey" : "cd747bd3-80ab-4cfe-8c6f-0c28818f8fd5,919caa53-8931-48d4-834b-cb4882fcff9c,5eef59f8-2f70-4c5e-84f3-3e37ccd2dcb1",
          "instrument:disperserLambda" : "550.0",
          "observe:dataLabel" : "GN-2018A-FT-101-2-016",
          "instrument:ccdYBinning" : "2",
          "observe:headerVisibility" : "PUBLIC",
          "telescope:guideWithPWFS2" : "park",
          "instrument:adc" : "No Correction",
          "smartgcal:maperror" : "false",
          "observe:proprietaryMonths" : "6",
          "instrument:ccdXBinning" : "2",
          "instrument:builtinROI" : "Full Frame Readout",
          "instrument:filter" : "i_G0302",
          "observe:exposureTime" : "129.0",
          "observe:class" : "science",
          "observe:status" : "complete",
          "instrument:disperser" : "Mirror",
          "telescope:guideWithOIWFS" : "guide",
          "observe:sciBand" : "1",
          "telescope:p" : "-5.0",
          "ocs:obsConditions:CloudCover" : "50",
          "totalTime" : 170323,
          "instrument:detectorManufacturer" : "HAMAMATSU",
          "metadata:complete" : "true",
          "smartgcal:keyProvider" : "edu.gemini.spModel.gemini.gmos.InstGmosNorth@4909b809",
          "ocs:programId" : "GN-2018A-FT-101",
          "instrument:instrument" : "GMOS-N"
        },
        {
          "ocs:obsConditions:TimingWindowRepeat0" : "0",
          "ocs:obsConditions:WaterVapor" : "100",
          "instrument:mosPreimaging" : "No",
          "instrument:version" : "2009A-1",
          "instrument:port" : "side-looking",
          "instrument:gainSetting" : "2",
          "instrument:useNS" : "false",
          "telescope:version" : "2009B-1",
          "instrument:fpu" : "None",
          "ocs:obsConditions:TimingWindowPeriod0" : "0",
          "ocs:obsConditions:ImageQuality" : "70",
          "instrument:observingWavelength" : "0.780",
          "instrument:gainChoice" : "Low",
          "observe:object" : "EMACSJ0324.0+2421",
          "instrument:posAngle" : "0.0",
          "instrument:exposureTime" : "129.0",
          "telescope:Base:name" : "EMACSJ0324.0+2421",
          "telescope:guideWithPWFS1" : "park",
          "metadata:stepcount" : "17",
          "instrument:disperserOrder" : "1",
          "ocs:obsConditions:TimingWindowStart0" : "1517356800000",
          "ocs:observationId" : "GN-2018A-FT-101-2",
          "instrument:ampReadMode" : "Slow",
          "instrument:stageMode" : "Follow in XY",
          "telescope:q" : "2.0",
          "ocs:obsConditions:TimingWindowDuration0" : "7884000000",
          "ocs:obsConditions:SkyBackground" : "50",
          "instrument:dtaXOffset" : "0",
          "instrument:fpuMode" : "Builtin",
          "instrument:ampCount" : "Twelve",
          "observe:observeType" : "OBJECT",
          "metadata:spnodekey" : "cd747bd3-80ab-4cfe-8c6f-0c28818f8fd5,919caa53-8931-48d4-834b-cb4882fcff9c,5eef59f8-2f70-4c5e-84f3-3e37ccd2dcb1",
          "instrument:disperserLambda" : "550.0",
          "observe:dataLabel" : "GN-2018A-FT-101-2-017",
          "instrument:ccdYBinning" : "2",
          "observe:headerVisibility" : "PUBLIC",
          "telescope:guideWithPWFS2" : "park",
          "instrument:adc" : "No Correction",
          "smartgcal:maperror" : "false",
          "observe:proprietaryMonths" : "6",
          "instrument:ccdXBinning" : "2",
          "instrument:builtinROI" : "Full Frame Readout",
          "instrument:filter" : "i_G0302",
          "observe:exposureTime" : "129.0",
          "observe:class" : "science",
          "observe:status" : "complete",
          "instrument:disperser" : "Mirror",
          "telescope:guideWithOIWFS" : "guide",
          "observe:sciBand" : "1",
          "telescope:p" : "-5.0",
          "ocs:obsConditions:CloudCover" : "50",
          "totalTime" : 170325,
          "instrument:detectorManufacturer" : "HAMAMATSU",
          "metadata:complete" : "true",
          "smartgcal:keyProvider" : "edu.gemini.spModel.gemini.gmos.InstGmosNorth@4909b809",
          "ocs:programId" : "GN-2018A-FT-101",
          "instrument:instrument" : "GMOS-N"
        },
        {
          "ocs:obsConditions:TimingWindowRepeat0" : "0",
          "ocs:obsConditions:WaterVapor" : "100",
          "instrument:mosPreimaging" : "No",
          "instrument:version" : "2009A-1",
          "instrument:port" : "side-looking",
          "instrument:gainSetting" : "2",
          "instrument:useNS" : "false",
          "telescope:version" : "2009B-1",
          "instrument:fpu" : "None",
          "ocs:obsConditions:TimingWindowPeriod0" : "0",
          "ocs:obsConditions:ImageQuality" : "70",
          "instrument:observingWavelength" : "0.780",
          "instrument:gainChoice" : "Low",
          "observe:object" : "EMACSJ0324.0+2421",
          "instrument:posAngle" : "0.0",
          "instrument:exposureTime" : "129.0",
          "telescope:Base:name" : "EMACSJ0324.0+2421",
          "telescope:guideWithPWFS1" : "park",
          "metadata:stepcount" : "18",
          "instrument:disperserOrder" : "1",
          "ocs:obsConditions:TimingWindowStart0" : "1517356800000",
          "ocs:observationId" : "GN-2018A-FT-101-2",
          "instrument:ampReadMode" : "Slow",
          "instrument:stageMode" : "Follow in XY",
          "telescope:q" : "4.0",
          "ocs:obsConditions:TimingWindowDuration0" : "7884000000",
          "ocs:obsConditions:SkyBackground" : "50",
          "instrument:dtaXOffset" : "0",
          "instrument:fpuMode" : "Builtin",
          "instrument:ampCount" : "Twelve",
          "observe:observeType" : "OBJECT",
          "metadata:spnodekey" : "cd747bd3-80ab-4cfe-8c6f-0c28818f8fd5,919caa53-8931-48d4-834b-cb4882fcff9c,5eef59f8-2f70-4c5e-84f3-3e37ccd2dcb1",
          "instrument:disperserLambda" : "550.0",
          "observe:dataLabel" : "GN-2018A-FT-101-2-018",
          "instrument:ccdYBinning" : "2",
          "observe:headerVisibility" : "PUBLIC",
          "telescope:guideWithPWFS2" : "park",
          "instrument:adc" : "No Correction",
          "smartgcal:maperror" : "false",
          "observe:proprietaryMonths" : "6",
          "instrument:ccdXBinning" : "2",
          "instrument:builtinROI" : "Full Frame Readout",
          "instrument:filter" : "i_G0302",
          "observe:exposureTime" : "129.0",
          "observe:class" : "science",
          "observe:status" : "complete",
          "instrument:disperser" : "Mirror",
          "telescope:guideWithOIWFS" : "guide",
          "observe:sciBand" : "1",
          "telescope:p" : "-3.0",
          "ocs:obsConditions:CloudCover" : "50",
          "totalTime" : 170318,
          "instrument:detectorManufacturer" : "HAMAMATSU",
          "metadata:complete" : "true",
          "smartgcal:keyProvider" : "edu.gemini.spModel.gemini.gmos.InstGmosNorth@4909b809",
          "ocs:programId" : "GN-2018A-FT-101",
          "instrument:instrument" : "GMOS-N"
        },
        {
          "ocs:obsConditions:TimingWindowRepeat0" : "0",
          "ocs:obsConditions:WaterVapor" : "100",
          "instrument:mosPreimaging" : "No",
          "instrument:version" : "2009A-1",
          "instrument:port" : "side-looking",
          "instrument:gainSetting" : "2",
          "instrument:useNS" : "false",
          "telescope:version" : "2009B-1",
          "instrument:fpu" : "None",
          "ocs:obsConditions:TimingWindowPeriod0" : "0",
          "ocs:obsConditions:ImageQuality" : "70",
          "instrument:observingWavelength" : "0.780",
          "instrument:gainChoice" : "Low",
          "observe:object" : "EMACSJ0324.0+2421",
          "instrument:posAngle" : "0.0",
          "instrument:exposureTime" : "129.0",
          "telescope:Base:name" : "EMACSJ0324.0+2421",
          "telescope:guideWithPWFS1" : "park",
          "metadata:stepcount" : "19",
          "instrument:disperserOrder" : "1",
          "ocs:obsConditions:TimingWindowStart0" : "1517356800000",
          "ocs:observationId" : "GN-2018A-FT-101-2",
          "instrument:ampReadMode" : "Slow",
          "instrument:stageMode" : "Follow in XY",
          "telescope:q" : "5.0",
          "ocs:obsConditions:TimingWindowDuration0" : "7884000000",
          "ocs:obsConditions:SkyBackground" : "50",
          "instrument:dtaXOffset" : "0",
          "instrument:fpuMode" : "Builtin",
          "instrument:ampCount" : "Twelve",
          "observe:observeType" : "OBJECT",
          "metadata:spnodekey" : "cd747bd3-80ab-4cfe-8c6f-0c28818f8fd5,919caa53-8931-48d4-834b-cb4882fcff9c,5eef59f8-2f70-4c5e-84f3-3e37ccd2dcb1",
          "instrument:disperserLambda" : "550.0",
          "observe:dataLabel" : "GN-2018A-FT-101-2-019",
          "instrument:ccdYBinning" : "2",
          "observe:headerVisibility" : "PUBLIC",
          "telescope:guideWithPWFS2" : "park",
          "instrument:adc" : "No Correction",
          "smartgcal:maperror" : "false",
          "observe:proprietaryMonths" : "6",
          "instrument:ccdXBinning" : "2",
          "instrument:builtinROI" : "Full Frame Readout",
          "instrument:filter" : "i_G0302",
          "observe:exposureTime" : "129.0",
          "observe:class" : "science",
          "observe:status" : "complete",
          "instrument:disperser" : "Mirror",
          "telescope:guideWithOIWFS" : "guide",
          "observe:sciBand" : "1",
          "telescope:p" : "1.0",
          "ocs:obsConditions:CloudCover" : "50",
          "totalTime" : 170326,
          "instrument:detectorManufacturer" : "HAMAMATSU",
          "metadata:complete" : "true",
          "smartgcal:keyProvider" : "edu.gemini.spModel.gemini.gmos.InstGmosNorth@4909b809",
          "ocs:programId" : "GN-2018A-FT-101",
          "instrument:instrument" : "GMOS-N"
        },
        {
          "ocs:obsConditions:TimingWindowRepeat0" : "0",
          "ocs:obsConditions:WaterVapor" : "100",
          "instrument:mosPreimaging" : "No",
          "instrument:version" : "2009A-1",
          "instrument:port" : "side-looking",
          "instrument:gainSetting" : "2",
          "instrument:useNS" : "false",
          "telescope:version" : "2009B-1",
          "instrument:fpu" : "None",
          "ocs:obsConditions:TimingWindowPeriod0" : "0",
          "ocs:obsConditions:ImageQuality" : "70",
          "instrument:observingWavelength" : "0.780",
          "instrument:gainChoice" : "Low",
          "observe:object" : "EMACSJ0324.0+2421",
          "instrument:posAngle" : "0.0",
          "instrument:exposureTime" : "129.0",
          "telescope:Base:name" : "EMACSJ0324.0+2421",
          "telescope:guideWithPWFS1" : "park",
          "metadata:stepcount" : "20",
          "instrument:disperserOrder" : "1",
          "ocs:obsConditions:TimingWindowStart0" : "1517356800000",
          "ocs:observationId" : "GN-2018A-FT-101-2",
          "instrument:ampReadMode" : "Slow",
          "instrument:stageMode" : "Follow in XY",
          "telescope:q" : "3.0",
          "ocs:obsConditions:TimingWindowDuration0" : "7884000000",
          "ocs:obsConditions:SkyBackground" : "50",
          "instrument:dtaXOffset" : "0",
          "instrument:fpuMode" : "Builtin",
          "instrument:ampCount" : "Twelve",
          "observe:observeType" : "OBJECT",
          "metadata:spnodekey" : "cd747bd3-80ab-4cfe-8c6f-0c28818f8fd5,919caa53-8931-48d4-834b-cb4882fcff9c,5eef59f8-2f70-4c5e-84f3-3e37ccd2dcb1",
          "instrument:disperserLambda" : "550.0",
          "observe:dataLabel" : "GN-2018A-FT-101-2-020",
          "instrument:ccdYBinning" : "2",
          "observe:headerVisibility" : "PUBLIC",
          "telescope:guideWithPWFS2" : "park",
          "instrument:adc" : "No Correction",
          "smartgcal:maperror" : "false",
          "observe:proprietaryMonths" : "6",
          "instrument:ccdXBinning" : "2",
          "instrument:builtinROI" : "Full Frame Readout",
          "instrument:filter" : "i_G0302",
          "observe:exposureTime" : "129.0",
          "observe:class" : "science",
          "observe:status" : "complete",
          "instrument:disperser" : "Mirror",
          "telescope:guideWithOIWFS" : "guide",
          "observe:sciBand" : "1",
          "telescope:p" : "4.0",
          "ocs:obsConditions:CloudCover" : "50",
          "totalTime" : 170323,
          "instrument:detectorManufacturer" : "HAMAMATSU",
          "metadata:complete" : "true",
          "smartgcal:keyProvider" : "edu.gemini.spModel.gemini.gmos.InstGmosNorth@4909b809",
          "ocs:programId" : "GN-2018A-FT-101",
          "instrument:instrument" : "GMOS-N"
        },
        {
          "ocs:obsConditions:TimingWindowRepeat0" : "0",
          "ocs:obsConditions:WaterVapor" : "100",
          "instrument:mosPreimaging" : "No",
          "instrument:version" : "2009A-1",
          "instrument:port" : "side-looking",
          "instrument:gainSetting" : "2",
          "instrument:useNS" : "false",
          "telescope:version" : "2009B-1",
          "instrument:fpu" : "None",
          "ocs:obsConditions:TimingWindowPeriod0" : "0",
          "ocs:obsConditions:ImageQuality" : "70",
          "instrument:observingWavelength" : "0.876",
          "instrument:gainChoice" : "Low",
          "observe:object" : "EMACSJ0324.0+2421",
          "instrument:posAngle" : "0.0",
          "instrument:exposureTime" : "129.0",
          "telescope:Base:name" : "EMACSJ0324.0+2421",
          "telescope:guideWithPWFS1" : "park",
          "metadata:stepcount" : "21",
          "instrument:disperserOrder" : "1",
          "ocs:obsConditions:TimingWindowStart0" : "1517356800000",
          "ocs:observationId" : "GN-2018A-FT-101-2",
          "instrument:ampReadMode" : "Slow",
          "instrument:stageMode" : "Follow in XY",
          "telescope:q" : "0.0",
          "ocs:obsConditions:TimingWindowDuration0" : "7884000000",
          "ocs:obsConditions:SkyBackground" : "50",
          "instrument:dtaXOffset" : "0",
          "instrument:fpuMode" : "Builtin",
          "instrument:ampCount" : "Twelve",
          "observe:observeType" : "OBJECT",
          "metadata:spnodekey" : "cd747bd3-80ab-4cfe-8c6f-0c28818f8fd5,919caa53-8931-48d4-834b-cb4882fcff9c,5eef59f8-2f70-4c5e-84f3-3e37ccd2dcb1",
          "instrument:disperserLambda" : "550.0",
          "observe:dataLabel" : "GN-2018A-FT-101-2-021",
          "instrument:ccdYBinning" : "2",
          "observe:headerVisibility" : "PUBLIC",
          "telescope:guideWithPWFS2" : "park",
          "instrument:adc" : "No Correction",
          "smartgcal:maperror" : "false",
          "observe:proprietaryMonths" : "6",
          "instrument:ccdXBinning" : "2",
          "instrument:builtinROI" : "Full Frame Readout",
          "instrument:filter" : "Z_G0322",
          "observe:exposureTime" : "129.0",
          "observe:class" : "science",
          "observe:status" : "complete",
          "instrument:disperser" : "Mirror",
          "telescope:guideWithOIWFS" : "guide",
          "observe:sciBand" : "1",
          "telescope:p" : "0.0",
          "ocs:obsConditions:CloudCover" : "50",
          "totalTime" : 183300,
          "instrument:detectorManufacturer" : "HAMAMATSU",
          "metadata:complete" : "true",
          "smartgcal:keyProvider" : "edu.gemini.spModel.gemini.gmos.InstGmosNorth@4909b809",
          "ocs:programId" : "GN-2018A-FT-101",
          "instrument:instrument" : "GMOS-N"
        },
        {
          "ocs:obsConditions:TimingWindowRepeat0" : "0",
          "ocs:obsConditions:WaterVapor" : "100",
          "instrument:mosPreimaging" : "No",
          "instrument:version" : "2009A-1",
          "instrument:port" : "side-looking",
          "instrument:gainSetting" : "2",
          "instrument:useNS" : "false",
          "telescope:version" : "2009B-1",
          "instrument:fpu" : "None",
          "ocs:obsConditions:TimingWindowPeriod0" : "0",
          "ocs:obsConditions:ImageQuality" : "70",
          "instrument:observingWavelength" : "0.876",
          "instrument:gainChoice" : "Low",
          "observe:object" : "EMACSJ0324.0+2421",
          "instrument:posAngle" : "0.0",
          "instrument:exposureTime" : "129.0",
          "telescope:Base:name" : "EMACSJ0324.0+2421",
          "telescope:guideWithPWFS1" : "park",
          "metadata:stepcount" : "22",
          "instrument:disperserOrder" : "1",
          "ocs:obsConditions:TimingWindowStart0" : "1517356800000",
          "ocs:observationId" : "GN-2018A-FT-101-2",
          "instrument:ampReadMode" : "Slow",
          "instrument:stageMode" : "Follow in XY",
          "telescope:q" : "0.0",
          "ocs:obsConditions:TimingWindowDuration0" : "7884000000",
          "ocs:obsConditions:SkyBackground" : "50",
          "instrument:dtaXOffset" : "0",
          "instrument:fpuMode" : "Builtin",
          "instrument:ampCount" : "Twelve",
          "observe:observeType" : "OBJECT",
          "metadata:spnodekey" : "cd747bd3-80ab-4cfe-8c6f-0c28818f8fd5,919caa53-8931-48d4-834b-cb4882fcff9c,5eef59f8-2f70-4c5e-84f3-3e37ccd2dcb1",
          "instrument:disperserLambda" : "550.0",
          "observe:dataLabel" : "GN-2018A-FT-101-2-022",
          "instrument:ccdYBinning" : "2",
          "observe:headerVisibility" : "PUBLIC",
          "telescope:guideWithPWFS2" : "park",
          "instrument:adc" : "No Correction",
          "smartgcal:maperror" : "false",
          "observe:proprietaryMonths" : "6",
          "instrument:ccdXBinning" : "2",
          "instrument:builtinROI" : "Full Frame Readout",
          "instrument:filter" : "Z_G0322",
          "observe:exposureTime" : "129.0",
          "observe:class" : "science",
          "observe:status" : "complete",
          "instrument:disperser" : "Mirror",
          "telescope:guideWithOIWFS" : "guide",
          "observe:sciBand" : "1",
          "telescope:p" : "5.0",
          "ocs:obsConditions:CloudCover" : "50",
          "totalTime" : 170331,
          "instrument:detectorManufacturer" : "HAMAMATSU",
          "metadata:complete" : "true",
          "smartgcal:keyProvider" : "edu.gemini.spModel.gemini.gmos.InstGmosNorth@4909b809",
          "ocs:programId" : "GN-2018A-FT-101",
          "instrument:instrument" : "GMOS-N"
        },
        {
          "ocs:obsConditions:TimingWindowRepeat0" : "0",
          "ocs:obsConditions:WaterVapor" : "100",
          "instrument:mosPreimaging" : "No",
          "instrument:version" : "2009A-1",
          "instrument:port" : "side-looking",
          "instrument:gainSetting" : "2",
          "instrument:useNS" : "false",
          "telescope:version" : "2009B-1",
          "instrument:fpu" : "None",
          "ocs:obsConditions:TimingWindowPeriod0" : "0",
          "ocs:obsConditions:ImageQuality" : "70",
          "instrument:observingWavelength" : "0.876",
          "instrument:gainChoice" : "Low",
          "observe:object" : "EMACSJ0324.0+2421",
          "instrument:posAngle" : "0.0",
          "instrument:exposureTime" : "129.0",
          "telescope:Base:name" : "EMACSJ0324.0+2421",
          "telescope:guideWithPWFS1" : "park",
          "metadata:stepcount" : "23",
          "instrument:disperserOrder" : "1",
          "ocs:obsConditions:TimingWindowStart0" : "1517356800000",
          "ocs:observationId" : "GN-2018A-FT-101-2",
          "instrument:ampReadMode" : "Slow",
          "instrument:stageMode" : "Follow in XY",
          "telescope:q" : "-3.0",
          "ocs:obsConditions:TimingWindowDuration0" : "7884000000",
          "ocs:obsConditions:SkyBackground" : "50",
          "instrument:dtaXOffset" : "0",
          "instrument:fpuMode" : "Builtin",
          "instrument:ampCount" : "Twelve",
          "observe:observeType" : "OBJECT",
          "metadata:spnodekey" : "cd747bd3-80ab-4cfe-8c6f-0c28818f8fd5,919caa53-8931-48d4-834b-cb4882fcff9c,5eef59f8-2f70-4c5e-84f3-3e37ccd2dcb1",
          "instrument:disperserLambda" : "550.0",
          "observe:dataLabel" : "GN-2018A-FT-101-2-023",
          "instrument:ccdYBinning" : "2",
          "observe:headerVisibility" : "PUBLIC",
          "telescope:guideWithPWFS2" : "park",
          "instrument:adc" : "No Correction",
          "smartgcal:maperror" : "false",
          "observe:proprietaryMonths" : "6",
          "instrument:ccdXBinning" : "2",
          "instrument:builtinROI" : "Full Frame Readout",
          "instrument:filter" : "Z_G0322",
          "observe:exposureTime" : "129.0",
          "observe:class" : "science",
          "observe:status" : "complete",
          "instrument:disperser" : "Mirror",
          "telescope:guideWithOIWFS" : "guide",
          "observe:sciBand" : "1",
          "telescope:p" : "4.0",
          "ocs:obsConditions:CloudCover" : "50",
          "totalTime" : 170320,
          "instrument:detectorManufacturer" : "HAMAMATSU",
          "metadata:complete" : "true",
          "smartgcal:keyProvider" : "edu.gemini.spModel.gemini.gmos.InstGmosNorth@4909b809",
          "ocs:programId" : "GN-2018A-FT-101",
          "instrument:instrument" : "GMOS-N"
        },
        {
          "ocs:obsConditions:TimingWindowRepeat0" : "0",
          "ocs:obsConditions:WaterVapor" : "100",
          "instrument:mosPreimaging" : "No",
          "instrument:version" : "2009A-1",
          "instrument:port" : "side-looking",
          "instrument:gainSetting" : "2",
          "instrument:useNS" : "false",
          "telescope:version" : "2009B-1",
          "instrument:fpu" : "None",
          "ocs:obsConditions:TimingWindowPeriod0" : "0",
          "ocs:obsConditions:ImageQuality" : "70",
          "instrument:observingWavelength" : "0.876",
          "instrument:gainChoice" : "Low",
          "observe:object" : "EMACSJ0324.0+2421",
          "instrument:posAngle" : "0.0",
          "instrument:exposureTime" : "129.0",
          "telescope:Base:name" : "EMACSJ0324.0+2421",
          "telescope:guideWithPWFS1" : "park",
          "metadata:stepcount" : "24",
          "instrument:disperserOrder" : "1",
          "ocs:obsConditions:TimingWindowStart0" : "1517356800000",
          "ocs:observationId" : "GN-2018A-FT-101-2",
          "instrument:ampReadMode" : "Slow",
          "instrument:stageMode" : "Follow in XY",
          "telescope:q" : "-5.0",
          "ocs:obsConditions:TimingWindowDuration0" : "7884000000",
          "ocs:obsConditions:SkyBackground" : "50",
          "instrument:dtaXOffset" : "0",
          "instrument:fpuMode" : "Builtin",
          "instrument:ampCount" : "Twelve",
          "observe:observeType" : "OBJECT",
          "metadata:spnodekey" : "cd747bd3-80ab-4cfe-8c6f-0c28818f8fd5,919caa53-8931-48d4-834b-cb4882fcff9c,5eef59f8-2f70-4c5e-84f3-3e37ccd2dcb1",
          "instrument:disperserLambda" : "550.0",
          "observe:dataLabel" : "GN-2018A-FT-101-2-024",
          "instrument:ccdYBinning" : "2",
          "observe:headerVisibility" : "PUBLIC",
          "telescope:guideWithPWFS2" : "park",
          "instrument:adc" : "No Correction",
          "smartgcal:maperror" : "false",
          "observe:proprietaryMonths" : "6",
          "instrument:ccdXBinning" : "2",
          "instrument:builtinROI" : "Full Frame Readout",
          "instrument:filter" : "Z_G0322",
          "observe:exposureTime" : "129.0",
          "observe:class" : "science",
          "observe:status" : "complete",
          "instrument:disperser" : "Mirror",
          "telescope:guideWithOIWFS" : "guide",
          "observe:sciBand" : "1",
          "telescope:p" : "1.0",
          "ocs:obsConditions:CloudCover" : "50",
          "totalTime" : 170323,
          "instrument:detectorManufacturer" : "HAMAMATSU",
          "metadata:complete" : "true",
          "smartgcal:keyProvider" : "edu.gemini.spModel.gemini.gmos.InstGmosNorth@4909b809",
          "ocs:programId" : "GN-2018A-FT-101",
          "instrument:instrument" : "GMOS-N"
        },
        {
          "ocs:obsConditions:TimingWindowRepeat0" : "0",
          "ocs:obsConditions:WaterVapor" : "100",
          "instrument:mosPreimaging" : "No",
          "instrument:version" : "2009A-1",
          "instrument:port" : "side-looking",
          "instrument:gainSetting" : "2",
          "instrument:useNS" : "false",
          "telescope:version" : "2009B-1",
          "instrument:fpu" : "None",
          "ocs:obsConditions:TimingWindowPeriod0" : "0",
          "ocs:obsConditions:ImageQuality" : "70",
          "instrument:observingWavelength" : "0.876",
          "instrument:gainChoice" : "Low",
          "observe:object" : "EMACSJ0324.0+2421",
          "instrument:posAngle" : "0.0",
          "instrument:exposureTime" : "129.0",
          "telescope:Base:name" : "EMACSJ0324.0+2421",
          "telescope:guideWithPWFS1" : "park",
          "metadata:stepcount" : "25",
          "instrument:disperserOrder" : "1",
          "ocs:obsConditions:TimingWindowStart0" : "1517356800000",
          "ocs:observationId" : "GN-2018A-FT-101-2",
          "instrument:ampReadMode" : "Slow",
          "instrument:stageMode" : "Follow in XY",
          "telescope:q" : "-4.0",
          "ocs:obsConditions:TimingWindowDuration0" : "7884000000",
          "ocs:obsConditions:SkyBackground" : "50",
          "instrument:dtaXOffset" : "0",
          "instrument:fpuMode" : "Builtin",
          "instrument:ampCount" : "Twelve",
          "observe:observeType" : "OBJECT",
          "metadata:spnodekey" : "cd747bd3-80ab-4cfe-8c6f-0c28818f8fd5,919caa53-8931-48d4-834b-cb4882fcff9c,5eef59f8-2f70-4c5e-84f3-3e37ccd2dcb1",
          "instrument:disperserLambda" : "550.0",
          "observe:dataLabel" : "GN-2018A-FT-101-2-025",
          "instrument:ccdYBinning" : "2",
          "observe:headerVisibility" : "PUBLIC",
          "telescope:guideWithPWFS2" : "park",
          "instrument:adc" : "No Correction",
          "smartgcal:maperror" : "false",
          "observe:proprietaryMonths" : "6",
          "instrument:ccdXBinning" : "2",
          "instrument:builtinROI" : "Full Frame Readout",
          "instrument:filter" : "Z_G0322",
          "observe:exposureTime" : "129.0",
          "observe:class" : "science",
          "observe:status" : "complete",
          "instrument:disperser" : "Mirror",
          "telescope:guideWithOIWFS" : "guide",
          "observe:sciBand" : "1",
          "telescope:p" : "-2.0",
          "ocs:obsConditions:CloudCover" : "50",
          "totalTime" : 170320,
          "instrument:detectorManufacturer" : "HAMAMATSU",
          "metadata:complete" : "true",
          "smartgcal:keyProvider" : "edu.gemini.spModel.gemini.gmos.InstGmosNorth@4909b809",
          "ocs:programId" : "GN-2018A-FT-101",
          "instrument:instrument" : "GMOS-N"
        },
        {
          "ocs:obsConditions:TimingWindowRepeat0" : "0",
          "ocs:obsConditions:WaterVapor" : "100",
          "instrument:mosPreimaging" : "No",
          "instrument:version" : "2009A-1",
          "instrument:port" : "side-looking",
          "instrument:gainSetting" : "2",
          "instrument:useNS" : "false",
          "telescope:version" : "2009B-1",
          "instrument:fpu" : "None",
          "ocs:obsConditions:TimingWindowPeriod0" : "0",
          "ocs:obsConditions:ImageQuality" : "70",
          "instrument:observingWavelength" : "0.876",
          "instrument:gainChoice" : "Low",
          "observe:object" : "EMACSJ0324.0+2421",
          "instrument:posAngle" : "0.0",
          "instrument:exposureTime" : "129.0",
          "telescope:Base:name" : "EMACSJ0324.0+2421",
          "telescope:guideWithPWFS1" : "park",
          "metadata:stepcount" : "26",
          "instrument:disperserOrder" : "1",
          "ocs:obsConditions:TimingWindowStart0" : "1517356800000",
          "ocs:observationId" : "GN-2018A-FT-101-2",
          "instrument:ampReadMode" : "Slow",
          "instrument:stageMode" : "Follow in XY",
          "telescope:q" : "-2.0",
          "ocs:obsConditions:TimingWindowDuration0" : "7884000000",
          "ocs:obsConditions:SkyBackground" : "50",
          "instrument:dtaXOffset" : "0",
          "instrument:fpuMode" : "Builtin",
          "instrument:ampCount" : "Twelve",
          "observe:observeType" : "OBJECT",
          "metadata:spnodekey" : "cd747bd3-80ab-4cfe-8c6f-0c28818f8fd5,919caa53-8931-48d4-834b-cb4882fcff9c,5eef59f8-2f70-4c5e-84f3-3e37ccd2dcb1",
          "instrument:disperserLambda" : "550.0",
          "observe:dataLabel" : "GN-2018A-FT-101-2-026",
          "instrument:ccdYBinning" : "2",
          "observe:headerVisibility" : "PUBLIC",
          "telescope:guideWithPWFS2" : "park",
          "instrument:adc" : "No Correction",
          "smartgcal:maperror" : "false",
          "observe:proprietaryMonths" : "6",
          "instrument:ccdXBinning" : "2",
          "instrument:builtinROI" : "Full Frame Readout",
          "instrument:filter" : "Z_G0322",
          "observe:exposureTime" : "129.0",
          "observe:class" : "science",
          "observe:status" : "complete",
          "instrument:disperser" : "Mirror",
          "telescope:guideWithOIWFS" : "guide",
          "observe:sciBand" : "1",
          "telescope:p" : "-5.0",
          "ocs:obsConditions:CloudCover" : "50",
          "totalTime" : 170323,
          "instrument:detectorManufacturer" : "HAMAMATSU",
          "metadata:complete" : "true",
          "smartgcal:keyProvider" : "edu.gemini.spModel.gemini.gmos.InstGmosNorth@4909b809",
          "ocs:programId" : "GN-2018A-FT-101",
          "instrument:instrument" : "GMOS-N"
        },
        {
          "ocs:obsConditions:TimingWindowRepeat0" : "0",
          "ocs:obsConditions:WaterVapor" : "100",
          "instrument:mosPreimaging" : "No",
          "instrument:version" : "2009A-1",
          "instrument:port" : "side-looking",
          "instrument:gainSetting" : "2",
          "instrument:useNS" : "false",
          "telescope:version" : "2009B-1",
          "instrument:fpu" : "None",
          "ocs:obsConditions:TimingWindowPeriod0" : "0",
          "ocs:obsConditions:ImageQuality" : "70",
          "instrument:observingWavelength" : "0.876",
          "instrument:gainChoice" : "Low",
          "observe:object" : "EMACSJ0324.0+2421",
          "instrument:posAngle" : "0.0",
          "instrument:exposureTime" : "129.0",
          "telescope:Base:name" : "EMACSJ0324.0+2421",
          "telescope:guideWithPWFS1" : "park",
          "metadata:stepcount" : "27",
          "instrument:disperserOrder" : "1",
          "ocs:obsConditions:TimingWindowStart0" : "1517356800000",
          "ocs:observationId" : "GN-2018A-FT-101-2",
          "instrument:ampReadMode" : "Slow",
          "instrument:stageMode" : "Follow in XY",
          "telescope:q" : "2.0",
          "ocs:obsConditions:TimingWindowDuration0" : "7884000000",
          "ocs:obsConditions:SkyBackground" : "50",
          "instrument:dtaXOffset" : "0",
          "instrument:fpuMode" : "Builtin",
          "instrument:ampCount" : "Twelve",
          "observe:observeType" : "OBJECT",
          "metadata:spnodekey" : "cd747bd3-80ab-4cfe-8c6f-0c28818f8fd5,919caa53-8931-48d4-834b-cb4882fcff9c,5eef59f8-2f70-4c5e-84f3-3e37ccd2dcb1",
          "instrument:disperserLambda" : "550.0",
          "observe:dataLabel" : "GN-2018A-FT-101-2-027",
          "instrument:ccdYBinning" : "2",
          "observe:headerVisibility" : "PUBLIC",
          "telescope:guideWithPWFS2" : "park",
          "instrument:adc" : "No Correction",
          "smartgcal:maperror" : "false",
          "observe:proprietaryMonths" : "6",
          "instrument:ccdXBinning" : "2",
          "instrument:builtinROI" : "Full Frame Readout",
          "instrument:filter" : "Z_G0322",
          "observe:exposureTime" : "129.0",
          "observe:class" : "science",
          "observe:status" : "complete",
          "instrument:disperser" : "Mirror",
          "telescope:guideWithOIWFS" : "guide",
          "observe:sciBand" : "1",
          "telescope:p" : "-5.0",
          "ocs:obsConditions:CloudCover" : "50",
          "totalTime" : 170325,
          "instrument:detectorManufacturer" : "HAMAMATSU",
          "metadata:complete" : "true",
          "smartgcal:keyProvider" : "edu.gemini.spModel.gemini.gmos.InstGmosNorth@4909b809",
          "ocs:programId" : "GN-2018A-FT-101",
          "instrument:instrument" : "GMOS-N"
        },
        {
          "ocs:obsConditions:TimingWindowRepeat0" : "0",
          "ocs:obsConditions:WaterVapor" : "100",
          "instrument:mosPreimaging" : "No",
          "instrument:version" : "2009A-1",
          "instrument:port" : "side-looking",
          "instrument:gainSetting" : "2",
          "instrument:useNS" : "false",
          "telescope:version" : "2009B-1",
          "instrument:fpu" : "None",
          "ocs:obsConditions:TimingWindowPeriod0" : "0",
          "ocs:obsConditions:ImageQuality" : "70",
          "instrument:observingWavelength" : "0.876",
          "instrument:gainChoice" : "Low",
          "observe:object" : "EMACSJ0324.0+2421",
          "instrument:posAngle" : "0.0",
          "instrument:exposureTime" : "129.0",
          "telescope:Base:name" : "EMACSJ0324.0+2421",
          "telescope:guideWithPWFS1" : "park",
          "metadata:stepcount" : "28",
          "instrument:disperserOrder" : "1",
          "ocs:obsConditions:TimingWindowStart0" : "1517356800000",
          "ocs:observationId" : "GN-2018A-FT-101-2",
          "instrument:ampReadMode" : "Slow",
          "instrument:stageMode" : "Follow in XY",
          "telescope:q" : "4.0",
          "ocs:obsConditions:TimingWindowDuration0" : "7884000000",
          "ocs:obsConditions:SkyBackground" : "50",
          "instrument:dtaXOffset" : "0",
          "instrument:fpuMode" : "Builtin",
          "instrument:ampCount" : "Twelve",
          "observe:observeType" : "OBJECT",
          "metadata:spnodekey" : "cd747bd3-80ab-4cfe-8c6f-0c28818f8fd5,919caa53-8931-48d4-834b-cb4882fcff9c,5eef59f8-2f70-4c5e-84f3-3e37ccd2dcb1",
          "instrument:disperserLambda" : "550.0",
          "observe:dataLabel" : "GN-2018A-FT-101-2-028",
          "instrument:ccdYBinning" : "2",
          "observe:headerVisibility" : "PUBLIC",
          "telescope:guideWithPWFS2" : "park",
          "instrument:adc" : "No Correction",
          "smartgcal:maperror" : "false",
          "observe:proprietaryMonths" : "6",
          "instrument:ccdXBinning" : "2",
          "instrument:builtinROI" : "Full Frame Readout",
          "instrument:filter" : "Z_G0322",
          "observe:exposureTime" : "129.0",
          "observe:class" : "science",
          "observe:status" : "complete",
          "instrument:disperser" : "Mirror",
          "telescope:guideWithOIWFS" : "guide",
          "observe:sciBand" : "1",
          "telescope:p" : "-3.0",
          "ocs:obsConditions:CloudCover" : "50",
          "totalTime" : 170318,
          "instrument:detectorManufacturer" : "HAMAMATSU",
          "metadata:complete" : "true",
          "smartgcal:keyProvider" : "edu.gemini.spModel.gemini.gmos.InstGmosNorth@4909b809",
          "ocs:programId" : "GN-2018A-FT-101",
          "instrument:instrument" : "GMOS-N"
        },
        {
          "ocs:obsConditions:TimingWindowRepeat0" : "0",
          "ocs:obsConditions:WaterVapor" : "100",
          "instrument:mosPreimaging" : "No",
          "instrument:version" : "2009A-1",
          "instrument:port" : "side-looking",
          "instrument:gainSetting" : "2",
          "instrument:useNS" : "false",
          "telescope:version" : "2009B-1",
          "instrument:fpu" : "None",
          "ocs:obsConditions:TimingWindowPeriod0" : "0",
          "ocs:obsConditions:ImageQuality" : "70",
          "instrument:observingWavelength" : "0.876",
          "instrument:gainChoice" : "Low",
          "observe:object" : "EMACSJ0324.0+2421",
          "instrument:posAngle" : "0.0",
          "instrument:exposureTime" : "129.0",
          "telescope:Base:name" : "EMACSJ0324.0+2421",
          "telescope:guideWithPWFS1" : "park",
          "metadata:stepcount" : "29",
          "instrument:disperserOrder" : "1",
          "ocs:obsConditions:TimingWindowStart0" : "1517356800000",
          "ocs:observationId" : "GN-2018A-FT-101-2",
          "instrument:ampReadMode" : "Slow",
          "instrument:stageMode" : "Follow in XY",
          "telescope:q" : "5.0",
          "ocs:obsConditions:TimingWindowDuration0" : "7884000000",
          "ocs:obsConditions:SkyBackground" : "50",
          "instrument:dtaXOffset" : "0",
          "instrument:fpuMode" : "Builtin",
          "instrument:ampCount" : "Twelve",
          "observe:observeType" : "OBJECT",
          "metadata:spnodekey" : "cd747bd3-80ab-4cfe-8c6f-0c28818f8fd5,919caa53-8931-48d4-834b-cb4882fcff9c,5eef59f8-2f70-4c5e-84f3-3e37ccd2dcb1",
          "instrument:disperserLambda" : "550.0",
          "observe:dataLabel" : "GN-2018A-FT-101-2-029",
          "instrument:ccdYBinning" : "2",
          "observe:headerVisibility" : "PUBLIC",
          "telescope:guideWithPWFS2" : "park",
          "instrument:adc" : "No Correction",
          "smartgcal:maperror" : "false",
          "observe:proprietaryMonths" : "6",
          "instrument:ccdXBinning" : "2",
          "instrument:builtinROI" : "Full Frame Readout",
          "instrument:filter" : "Z_G0322",
          "observe:exposureTime" : "129.0",
          "observe:class" : "science",
          "observe:status" : "complete",
          "instrument:disperser" : "Mirror",
          "telescope:guideWithOIWFS" : "guide",
          "observe:sciBand" : "1",
          "telescope:p" : "1.0",
          "ocs:obsConditions:CloudCover" : "50",
          "totalTime" : 170326,
          "instrument:detectorManufacturer" : "HAMAMATSU",
          "metadata:complete" : "true",
          "smartgcal:keyProvider" : "edu.gemini.spModel.gemini.gmos.InstGmosNorth@4909b809",
          "ocs:programId" : "GN-2018A-FT-101",
          "instrument:instrument" : "GMOS-N"
        },
        {
          "ocs:obsConditions:TimingWindowRepeat0" : "0",
          "ocs:obsConditions:WaterVapor" : "100",
          "instrument:mosPreimaging" : "No",
          "instrument:version" : "2009A-1",
          "instrument:port" : "side-looking",
          "instrument:gainSetting" : "2",
          "instrument:useNS" : "false",
          "telescope:version" : "2009B-1",
          "instrument:fpu" : "None",
          "ocs:obsConditions:TimingWindowPeriod0" : "0",
          "ocs:obsConditions:ImageQuality" : "70",
          "instrument:observingWavelength" : "0.876",
          "instrument:gainChoice" : "Low",
          "observe:object" : "EMACSJ0324.0+2421",
          "instrument:posAngle" : "0.0",
          "instrument:exposureTime" : "129.0",
          "telescope:Base:name" : "EMACSJ0324.0+2421",
          "telescope:guideWithPWFS1" : "park",
          "metadata:stepcount" : "30",
          "instrument:disperserOrder" : "1",
          "ocs:obsConditions:TimingWindowStart0" : "1517356800000",
          "ocs:observationId" : "GN-2018A-FT-101-2",
          "instrument:ampReadMode" : "Slow",
          "instrument:stageMode" : "Follow in XY",
          "telescope:q" : "3.0",
          "ocs:obsConditions:TimingWindowDuration0" : "7884000000",
          "ocs:obsConditions:SkyBackground" : "50",
          "instrument:dtaXOffset" : "0",
          "instrument:fpuMode" : "Builtin",
          "instrument:ampCount" : "Twelve",
          "observe:observeType" : "OBJECT",
          "metadata:spnodekey" : "cd747bd3-80ab-4cfe-8c6f-0c28818f8fd5,919caa53-8931-48d4-834b-cb4882fcff9c,5eef59f8-2f70-4c5e-84f3-3e37ccd2dcb1",
          "instrument:disperserLambda" : "550.0",
          "observe:dataLabel" : "GN-2018A-FT-101-2-030",
          "instrument:ccdYBinning" : "2",
          "observe:headerVisibility" : "PUBLIC",
          "telescope:guideWithPWFS2" : "park",
          "instrument:adc" : "No Correction",
          "smartgcal:maperror" : "false",
          "observe:proprietaryMonths" : "6",
          "instrument:ccdXBinning" : "2",
          "instrument:builtinROI" : "Full Frame Readout",
          "instrument:filter" : "Z_G0322",
          "observe:exposureTime" : "129.0",
          "observe:class" : "science",
          "observe:status" : "complete",
          "instrument:disperser" : "Mirror",
          "telescope:guideWithOIWFS" : "guide",
          "observe:sciBand" : "1",
          "telescope:p" : "4.0",
          "ocs:obsConditions:CloudCover" : "50",
          "totalTime" : 170323,
          "instrument:detectorManufacturer" : "HAMAMATSU",
          "metadata:complete" : "true",
          "smartgcal:keyProvider" : "edu.gemini.spModel.gemini.gmos.InstGmosNorth@4909b809",
          "ocs:programId" : "GN-2018A-FT-101",
          "instrument:instrument" : "GMOS-N"
        }
      ],
      "tooOverrideRapid" : false,
      "obsClass" : "science",
      "title" : "Imaging riZ",
      "qaState" : "PASS",
      "TELESCOPE_TARGETENV-2" : {
        "userTargets" : [],
        "primaryIndex" : 1,
        "base" : {
          "name" : "EMACSJ0324.0+2421",
          "tag" : "sidereal",
          "ra" : "03:24:02.250",
          "magnitudes" : [],
          "type" : "Base",
          "dec" : "24:21:23.20"
        },
        "key" : "a02be120-bf84-4be2-a707-c7decc6374ce",
        "guideGroups" : [
          {
            "name" : "auto",
            "tag" : "auto",
            "primaryGroup" : false,
            "guideProbe" : [
              {
                "guideProbeKey" : "GMOS OIWFS",
                "target" : {
                  "name" : "572-007448",
                  "epoch" : 2000.0,
                  "tag" : "sidereal",
                  "deltara" : 1.3,
                  "deltadec" : -0.2,
                  "ra" : "03:23:49.698",
                  "magnitudes" : [
                    {
                      "name" : "UC",
                      "value" : 16.373,
                      "system" : "Vega"
                    },
                    {
                      "name" : "J",
                      "value" : 14.705,
                      "system" : "Vega"
                    },
                    {
                      "name" : "H",
                      "value" : 14.199,
                      "system" : "Vega"
                    },
                    {
                      "name" : "K",
                      "value" : 14.054,
                      "system" : "Vega"
                    }
                  ],
                  "type" : "GuideStar",
                  "dec" : "24:23:10.46"
                }
              }
            ]
          },
          {
            "name" : "Manual",
            "tag" : "manual",
            "primaryGroup" : true,
            "guideProbes" : {
              "guideProbe" : [
                {
                  "guideProbeKey" : "GMOS OIWFS",
                  "guideProbeIndex" : 0,
                  "primaryGuideStarIndex" : 0,
                  "targets" : [
                    {
                      "name" : "572-007449",
                      "epoch" : 2000.0,
                      "tag" : "sidereal",
                      "deltara" : -1.0,
                      "deltadec" : -8.6,
                      "ra" : "03:23:50.093",
                      "magnitudes" : [
                        {
                          "name" : "B",
                          "value" : 14.803,
                          "system" : "Vega"
                        },
                        {
                          "name" : "g",
                          "value" : 14.389,
                          "system" : "AB"
                        },
                        {
                          "name" : "V",
                          "value" : 14.081,
                          "system" : "Vega"
                        },
                        {
                          "name" : "UC",
                          "value" : 14.066,
                          "system" : "Vega"
                        },
                        {
                          "name" : "r",
                          "value" : 13.851,
                          "system" : "AB"
                        },
                        {
                          "name" : "i",
                          "value" : 13.658,
                          "system" : "AB"
                        },
                        {
                          "name" : "J",
                          "value" : 12.722,
                          "system" : "Vega"
                        },
                        {
                          "name" : "H",
                          "value" : 12.443,
                          "system" : "Vega"
                        },
                        {
                          "name" : "K",
                          "value" : 12.351,
                          "system" : "Vega"
                        }
                      ],
                      "type" : "GuideStar",
                      "dec" : "24:22:05.23",
                      "index" : 0
                    }
                  ]
                }
              ]
            }
          }
        ]
      },
      "phase2Status" : "Prepared"
    }
  },
  "investigators" : [],
  "affiliate" : "University of Hawaii",
  "piFirstName" : "Harald"
}}